四字句式,频次
宝玉笑道,232
周瑞家的,198
宝玉听了,155
林之孝家,128
之孝家的,126
黛玉笑道,107
贾母笑道,101
宝钗笑道,100
小丫头子,87
凤姐笑道,83
袭人笑道,73
王夫人道,72
听下回分,66
且听下回,64
宝玉听说,64
听了这话,62
凤姐儿笑,61
一语未了,60
姐儿笑道,60
个小丫头,58
平儿笑道,57
众人听了,56
黛玉听了,55
唬了一跳,55
凤姐儿道,55
往那里去,52
你老人家,51
众人都笑,51
湘云笑道,51
凤姐听了,49
那里去了,49
想了一想,48
老太太的,48
探春笑道,47
是老太太,43
薛姨妈道,42
王夫人等,41
见王夫人,40
放声大哭,40
也不知道,39
刘姥姥道,38
这会子又,38
且说宝玉,38
贾母听了,38
了一会子,36
众人都道,36
贾琏笑道,36
那里来的,35
还有什么,35
十两银子,34
那里知道,34
阿弥陀佛,33
也未可知,33
娘儿两个,33
只见一个,32
宝玉见他,32
贾母王夫,32
母王夫人,32
只见宝玉,31
宝玉只得,31
潇湘馆来,31
李纨笑道,31
应了一声,30
那里还有,30
都笑起来,30
这些东西,30
不知怎么,30
吃了一惊,30
王善保家,30
不是别人,29
太太跟前,29
尤氏笑道,29
听如此说,28
没有什么,28
夫人笑道,28
个老婆子,28
贾政听了,28
善保家的,28
众人笑道,27
太太屋里,27
打发人来,27
不好意思,27
林黛玉道,27
我们奶奶,26
往潇湘馆,26
这是什么,25
啐了一口,25
贾政笑道,25
拍手笑道,25
我告诉你,24
着老太太,24
什么东西,24
夫人听了,24
丫头子们,24
是怎么了,24
瑞家的道,24
两个小丫,24
几两银子,24
老太太说,24
紫鹃笑道,24
我们这里,23
王夫人笑,23
俗语说的,23
也不知是,23
说到这里,23
了老太太,23
玉听了这,23
到这里来,23
百两银子,23
告诉了他,23
王夫人听,22
是个什么,22
琏二奶奶,22
在老太太,22
怎么样呢,22
几个小厮,22
只见凤姐,22
林黛玉听,22
见林黛玉,22
怡红院来,22
