回,标题,正文字符,核心密度/千字,一时,只见,只听,说道,半日,只得,谁知,笑道,因道,忙道,不觉,越发,原来,且说,却说,话说,不在话下,按下不表,要知端的,且听下回分解,唬的,越性,猛可里,一时/千字,只见/千字,只听/千字,说道/千字,半日/千字,只得/千字,谁知/千字
1,第一回 甄士隐梦幻识通灵 贾雨村风尘怀闺秀,7434,2.6,2,3,3,5,0,4,1,17,0,0,4,1,6,0,1,0,0,0,0,0,0,0,0,0.29,0.43,0.43,0.72,0.0,0.58,0.14
2,第二回 贾夫人仙逝扬州城 冷子兴演说荣国府,5984,1.34,0,2,0,1,0,0,5,11,0,0,0,1,5,0,2,0,0,0,0,0,0,0,0,0.0,0.33,0.0,0.17,0.0,0.0,0.84
3,第三回 金陵城起复贾雨村 荣国府收养林黛玉,8548,2.81,11,7,2,2,2,0,0,19,0,1,0,0,3,1,2,1,1,0,0,0,0,0,0,1.29,0.82,0.23,0.23,0.23,0.0,0.0
4,第四回 薄命女偏逢薄命郎 葫芦僧乱判葫芦案,5955,1.85,2,1,0,1,1,3,3,9,0,1,0,0,5,2,1,2,0,0,1,1,0,0,0,0.34,0.17,0.0,0.17,0.17,0.5,0.5
5,第五回 游幻境指迷十二钗 饮仙醪曲演红楼梦,7415,2.2,3,7,1,3,0,0,1,8,0,0,2,0,1,1,2,0,0,0,0,0,1,0,0,0.44,1.03,0.15,0.44,0.0,0.0,0.15
6,第六回 贾宝玉初试云雨情 刘姥姥一进荣国府,7314,4.65,2,8,5,10,4,4,1,13,0,0,2,2,1,0,1,1,0,0,0,0,2,0,0,0.27,1.09,0.68,1.37,0.55,0.55,0.14
7,第七回 送宫花周瑞叹英莲 谈肄业秦钟结宝玉,7335,4.11,5,11,2,2,5,2,3,23,0,1,1,1,3,0,0,1,1,0,0,0,2,0,0,0.68,1.51,0.27,0.27,0.68,0.27,0.41
8,第八回 薛宝钗小恙梨香院 贾宝玉大醉绛芸轩,6556,3.66,3,5,0,8,2,4,2,28,1,3,1,2,2,1,1,1,0,0,0,0,1,0,0,0.46,0.76,0.0,1.22,0.31,0.61,0.31
9,第九回 恋风流情友入家塾 起嫌疑顽童闹学堂,5694,3.16,1,0,3,3,1,8,2,9,0,0,0,2,9,0,0,1,0,0,0,1,1,0,0,0.18,0.0,0.53,0.53,0.18,1.4,0.35
10,第十回 金寡妇嗔姤凝曦轩 秦可卿淫上天香楼,8476,1.89,3,5,0,1,3,1,3,16,0,0,5,2,5,5,0,3,0,0,1,1,2,0,0,0.35,0.59,0.0,0.12,0.35,0.12,0.35
11,第十一回 怀愧女迎阻宁国府 不伦子欲接天台路,6132,7.5,1,2,0,36,4,1,2,6,0,0,3,0,0,1,0,2,0,0,0,1,0,0,0,0.16,0.33,0.0,5.87,0.65,0.16,0.33
12,第十二回 王熙凤毒设相思局 贾天祥正照风月鉴,4203,6.19,1,12,2,1,1,7,2,8,0,0,1,1,1,0,0,1,0,0,1,1,0,0,0,0.24,2.86,0.48,0.24,0.24,1.67,0.48
13,第十三回 秦可卿死封龙禁尉 王熙凤协理宁国府,6743,3.56,2,4,1,7,4,4,2,12,0,2,1,2,2,0,1,5,1,1,0,1,2,0,0,0.3,0.59,0.15,1.04,0.59,0.59,0.3
14,第十四回 林如海捐馆扬州城 贾宝玉路谒北静王,5508,2.72,6,4,2,3,0,0,0,11,0,0,1,0,2,1,0,1,1,0,0,1,0,0,0,1.09,0.73,0.36,0.54,0.0,0.0,0.0
15,第十五回 王凤姐弄权铁槛寺 秦鲸卿得趣馒头庵,4978,7.23,7,10,2,6,0,9,2,17,0,1,0,4,3,2,1,1,2,0,0,0,1,0,0,1.41,2.01,0.4,1.21,0.0,1.81,0.4
16,第十六回 贾元春才选凤藻宫 秦鲸卿夭逝黄泉路,7463,1.88,3,0,1,1,0,5,4,16,0,0,0,4,3,2,0,2,0,0,0,0,1,0,0,0.4,0.0,0.13,0.13,0.0,0.67,0.54
17,第十七回 大观园试才题对额 怡红院迷路探曲折,7707,2.99,2,10,0,4,4,3,0,26,0,1,0,1,5,1,0,1,0,0,0,0,2,0,0,0.26,1.3,0.0,0.52,0.52,0.39,0.0
18,第十八回 林黛玉误剪香袋囊 贾元春归省庆元宵,8347,2.68,5,4,0,3,3,6,0,12,0,0,2,1,3,3,1,0,0,0,1,0,0,0,0,0.64,0.51,0.0,0.38,0.38,0.77,0.0
19,第十九回 情切切良宵花解语 意绵绵静日玉生香,9135,2.74,4,6,1,10,1,1,2,53,0,0,1,6,4,3,1,1,2,0,0,0,1,0,0,0.44,0.66,0.11,1.09,0.11,0.11,0.22
20,第二十回 王熙凤正言弹妒意 林黛玉俏语谑娇音,5251,4.0,3,5,0,6,1,6,0,23,0,1,0,3,2,1,0,1,1,0,0,0,0,1,0,0.57,0.95,0.0,1.14,0.19,1.14,0.0
21,第二十一回 贤袭人娇嗔箴宝玉 俏平儿软语救贾琏,5957,5.57,2,6,2,11,2,6,4,29,0,1,2,1,1,0,0,1,0,0,0,1,0,1,0,0.34,1.01,0.34,1.86,0.34,1.01,0.68
22,第二十二回 听曲文宝玉悟禅机 制灯谜贾政悲谶语,6946,3.57,3,5,0,6,2,7,1,30,0,0,2,2,1,2,0,1,2,0,0,1,0,0,0,0.45,0.74,0.0,0.89,0.3,1.04,0.15
23,第二十三回 西厢记妙词通戏语 牡丹亭艳曲警芳心,5357,4.72,3,6,3,7,0,5,0,19,0,1,5,0,5,3,0,1,1,0,0,1,1,0,0,0.59,1.18,0.59,1.38,0.0,0.98,0.0
24,第二十四回 醉金刚轻财尚义侠 痴女儿遗帕惹相思,8423,3.92,1,11,3,10,0,7,1,29,0,0,3,2,8,5,0,3,5,0,1,0,0,0,0,0.12,1.31,0.36,1.19,0.0,0.83,0.12
25,第二十五回 魇魔法叔嫂逢五鬼 通灵玉蒙蔽遇双真,8093,6.03,9,16,1,15,1,4,2,18,0,0,2,4,4,0,2,1,2,0,0,1,2,0,0,1.13,2.01,0.13,1.88,0.13,0.5,0.25
26,第二十六回 蜂腰桥设言传密意 潇湘馆春困发幽情,7214,7.26,4,25,3,12,0,4,4,39,0,1,8,4,5,2,1,2,4,0,1,1,0,0,0,0.56,3.49,0.42,1.68,0.0,0.56,0.56
27,第二十七回 滴翠亭杨妃戏彩蝶 埋香冢飞燕泣残红,6249,7.2,2,13,5,13,2,3,4,26,0,0,0,0,7,3,0,1,1,0,0,0,0,0,0,0.34,2.23,0.86,2.23,0.34,0.51,0.69
28,第二十八回 蒋玉菡情赠茜香罗 薛宝钗羞笼红麝串,9415,7.76,3,22,0,30,4,9,3,47,0,0,10,4,2,0,0,1,0,0,1,1,0,0,0,0.33,2.41,0.0,3.28,0.44,0.98,0.33
29,第二十九回 享福人福深还祷福 痴情女情重愈斟情,8521,4.11,6,11,1,10,0,4,3,31,0,2,2,7,3,3,0,3,3,0,0,1,0,0,0,0.7,1.29,0.12,1.17,0.0,0.47,0.35
30,第三十回 宝钗借扇机带双敲 龄官划蔷痴及局外,5754,6.08,4,16,3,5,1,3,3,29,0,0,2,4,4,1,0,4,1,0,1,1,0,0,0,0.7,2.78,0.52,0.87,0.17,0.52,0.52
31,第三十一回 撕扇子作千金一笑 因麒麟伏白首双星,7272,3.71,7,5,0,10,0,4,1,55,0,0,8,3,5,0,0,2,1,0,0,1,0,0,0,0.96,0.69,0.0,1.38,0.0,0.55,0.14
32,第三十二回 诉肺腑心迷活宝玉 含耻辱情烈死金钏,5787,3.97,5,2,0,9,0,1,6,37,0,2,7,3,3,0,1,1,0,0,0,0,0,0,0,0.86,0.35,0.0,1.56,0.0,0.17,1.04
33,第三十三回 手足耽耽小动唇舌 不肖种种大承笞挞,4834,6.21,2,7,3,11,1,6,0,10,0,0,5,2,2,0,1,0,0,0,0,1,1,1,0,0.41,1.45,0.62,2.28,0.21,1.24,0.0
34,第三十四回 情中情因情感妹妹 错里错以错劝哥哥,7239,6.02,10,12,2,12,2,2,3,10,0,0,5,4,2,0,1,2,1,0,0,1,0,1,0,1.4,1.68,0.28,1.68,0.28,0.28,0.42
35,第三十五回 白玉钏亲尝莲叶羹 黄金莺巧结梅花络,7866,3.56,2,9,2,9,5,1,0,52,0,1,3,0,2,2,0,2,2,0,1,1,0,0,0,0.25,1.14,0.25,1.14,0.64,0.13,0.0
36,第三十六回 绣鸳鸯梦兆绛芸轩 识分定情悟梨香院,6713,4.17,1,7,2,6,4,6,2,34,0,3,3,1,2,2,1,3,1,0,1,1,0,0,0,0.15,1.04,0.3,0.89,0.6,0.89,0.3
37,第三十七回 秋爽斋偶结海棠社蘅芜苑夜拟菊花题这年贾政又点了学差，择于八月二十日起身。是日，拜过宗祠及贾母起身，宝玉诸子弟等送至洒泪亭。,9007,3.24,4,4,0,12,2,4,2,41,1,0,1,3,2,1,1,2,1,0,1,1,0,3,0,0.46,0.46,0.0,1.39,0.23,0.46,0.23
38,第三十八回 林潇湘魁夺菊花诗 薛蘅芜讽和螃蟹咏,5491,2.19,4,3,0,3,0,0,2,29,0,2,0,2,1,0,0,1,0,0,0,1,0,0,0,0.73,0.55,0.0,0.55,0.0,0.0,0.36
39,第三十九回 村姥姥是信口开合 情哥哥偏寻根究底,6227,3.53,4,6,2,5,2,2,1,28,0,5,0,0,4,1,0,1,0,0,0,0,2,1,0,0.64,0.96,0.32,0.8,0.32,0.32,0.16
40,第四十回 史太君两宴大观园 金鸳鸯三宣牙牌令,9354,3.42,1,12,1,16,1,0,1,51,0,2,0,2,0,0,0,1,0,0,0,0,0,1,0,0.11,1.28,0.11,1.71,0.11,0.0,0.11
41,第四十一回 栊翠庵茶品梅花雪 怡红院劫遇母蝗虫,6461,5.42,6,12,1,5,6,2,3,40,0,3,0,4,2,2,0,1,2,0,1,0,1,0,0,0.93,1.86,0.15,0.77,0.93,0.31,0.46
42,第四十二回 蘅芜君蘭言解疑癖 潇湘子雅谑补余香,7494,2.8,3,8,1,7,1,0,1,35,0,3,2,5,3,2,0,1,2,0,0,1,0,0,0,0.4,1.07,0.13,0.93,0.13,0.0,0.13
43,第四十三回 闲取乐偶攒金庆寿 不了情暂撮土为香,6644,3.91,4,6,1,6,4,4,1,34,1,1,1,1,2,0,0,2,1,0,1,0,0,2,0,0.6,0.9,0.15,0.9,0.6,0.6,0.15
44,第四十四回 变生不测凤姐泼醋 喜出望外平儿理妆,6644,4.06,2,8,2,8,0,7,0,22,0,0,1,7,5,0,0,0,1,0,1,0,2,1,0,0.3,1.2,0.3,1.2,0.0,1.05,0.0
45,第四十五回 金蘭契互剖金蘭语 风雨夕闷制风雨词,7657,1.73,1,4,0,5,2,1,0,48,0,2,4,2,1,1,0,4,1,0,1,0,0,0,0,0.13,0.53,0.0,0.67,0.27,0.13,0.0
46,第四十六回 尴尬人难免尴尬事 鸳鸯女誓绝鸳鸯偶,8184,2.93,2,3,1,11,0,3,4,35,0,3,1,2,2,1,0,5,0,0,1,0,0,2,0,0.24,0.37,0.12,1.34,0.0,0.37,0.49
47,第四十七回 呆霸王调情遭苦打 冷郎君惧祸走他乡,7212,3.88,4,4,3,3,7,6,1,37,0,1,1,0,0,0,0,3,1,0,1,0,0,0,0,0.55,0.55,0.42,0.42,0.97,0.83,0.14
48,第四十八回 滥情人情误思游艺 慕雅女雅集苦吟诗,6569,3.73,3,9,2,3,0,2,5,44,0,0,1,3,4,4,0,0,2,0,0,1,0,2,0,0.47,1.4,0.31,0.47,0.0,0.31,0.78
49,第四十九回 琉璃世界白雪红梅 脂粉香娃割腥啖膻,7237,5.16,7,19,0,4,1,2,4,48,0,0,0,3,6,0,0,2,0,0,1,1,0,1,0,0.98,2.65,0.0,0.56,0.14,0.28,0.56
50,第五十回 芦雪广争联即景诗 暖香坞雅制春灯谜,6793,3.15,1,2,1,7,4,2,1,62,0,5,0,1,1,1,0,1,0,0,1,0,0,0,0,0.18,0.35,0.18,1.23,0.7,0.35,0.18
51,第五十一回 薛小妹新编怀古诗 胡庸医乱用虎狼药,6808,3.74,5,7,3,5,2,2,0,38,0,1,2,2,1,0,0,1,1,0,1,0,0,0,0,0.78,1.09,0.47,0.78,0.31,0.31,0.0
52,第五十二回 俏平儿情掩虾须镯勇晴雯病补雀金裘贾母道：“正是这话了。上次我要说这话，我见你们的大事多，如今又添出这些事来，你们固然不敢抱怨，未免想着我只顾疼这些小孙子、孙女儿们，就不体贴你们这当家人了。你既这么说，更好了。”因此时薛姨妈、李婶都在座，邢夫人及尤氏婆媳也都过来请安，还未过去，,8243,4.64,6,7,3,9,4,5,4,37,0,3,0,4,0,0,0,1,1,0,1,1,1,1,0,0.73,0.85,0.37,1.1,0.49,0.61,0.49
53,第五十三回 宁国府除夕祭宗祠 荣国府元宵开夜宴,8068,2.61,6,8,2,2,1,1,1,11,0,0,0,0,2,2,0,1,2,0,1,0,0,0,0,0.75,0.99,0.25,0.25,0.12,0.12,0.12
54,第五十四回 史太君破陈腐旧套 王熙凤效戏彩斑衣,8691,3.11,4,4,3,11,2,1,2,60,0,4,1,1,1,2,1,0,1,0,0,0,0,0,0,0.46,0.46,0.35,1.27,0.23,0.12,0.23
55,第五十五回 辱亲女愚妾争闲气 欺幼主刁奴蓄险心,8033,3.11,6,5,0,8,0,4,2,27,0,3,0,3,2,3,0,1,0,0,1,0,1,1,0,0.75,0.62,0.0,1.0,0.0,0.5,0.25
56,第五十六回 敏探春兴利除宿弊 时宝钗小惠全大体,8656,2.89,5,8,0,6,2,2,2,51,0,3,3,3,4,0,0,2,0,0,0,0,0,0,0,0.58,0.92,0.0,0.69,0.23,0.23,0.23
57,第五十七回 慧紫鹃情辞试忙玉 慈姨妈爱语慰痴颦,11108,3.33,13,0,0,9,3,5,7,56,0,2,3,2,7,0,0,2,1,0,1,1,0,1,0,1.17,0.0,0.0,0.81,0.27,0.45,0.63
58,第五十八回 杏子阴假凤泣虚凰 茜纱窗真情揆痴理,6922,3.61,4,2,0,9,1,8,1,15,0,1,2,0,0,1,0,2,0,0,0,0,0,0,0,0.58,0.29,0.0,1.3,0.14,1.16,0.14
59,第五十九回 柳叶渚边嗔莺咤燕 绛芸轩里召将飞符,4949,2.22,0,4,1,4,0,2,0,14,0,1,1,1,2,0,1,1,0,0,0,1,0,1,0,0.0,0.81,0.2,0.81,0.0,0.4,0.0
60,第六十回 茉莉粉替去蔷薇硝 玫瑰露引来茯苓霜,7418,4.04,3,3,0,8,2,11,3,18,0,2,0,3,3,1,0,4,0,0,1,1,0,0,0,0.4,0.4,0.0,1.08,0.27,1.48,0.4
61,第六十一回 投鼠忌器宝玉瞒赃 判冤决狱平儿行权,6535,2.75,2,2,1,7,1,3,2,19,0,2,1,1,0,0,0,1,0,0,1,1,1,0,0,0.31,0.31,0.15,1.07,0.15,0.46,0.31
62,第六十二回 憨湘云醉眠芍药裀 呆香菱情解石榴裙,11751,3.06,5,7,4,9,4,3,4,45,0,1,2,1,10,0,0,1,1,0,0,1,0,0,0,0.43,0.6,0.34,0.77,0.34,0.26,0.34
63,第六十三回 寿怡红群芳开夜宴 死金丹独艳理亲丧,11060,2.26,5,7,1,4,1,6,1,54,0,1,0,2,7,2,1,2,0,0,0,1,0,1,0,0.45,0.63,0.09,0.36,0.09,0.54,0.09
64,第六十四回 幽淑女悲题五美吟 浪荡子情遗九龙佩,10584,4.53,3,18,4,17,0,5,0,28,0,3,2,1,1,0,4,2,0,0,0,0,0,0,0,0.29,1.74,0.39,1.64,0.0,0.48,0.0
65,第六十五回 贾二舍偷娶尤二姨 尤三姐思嫁柳二郎,6817,2.79,8,3,0,3,0,3,2,18,0,0,0,2,3,0,0,2,0,0,0,1,2,0,0,1.17,0.44,0.0,0.44,0.0,0.44,0.29
66,第六十六回 情小妹耻情归地府 冷二郎一冷入空门,5024,2.79,1,3,0,2,0,2,6,18,0,0,1,1,5,1,0,2,0,0,0,0,0,0,0,0.2,0.6,0.0,0.4,0.0,0.4,1.19
67,第六十七回 探奇宗宝玉惋故友 闻秘事凤姐讯家童,9754,3.9,3,4,2,20,1,6,2,10,0,0,2,4,1,6,4,2,0,0,0,0,1,0,0,0.31,0.41,0.21,2.05,0.1,0.62,0.21
68,第六十八回 苦尤娘赚入大观园 酸凤姐大闹宁国府,7354,2.31,1,1,0,1,0,8,6,5,0,1,0,2,3,1,0,1,0,0,0,1,0,0,0,0.14,0.14,0.0,0.14,0.0,1.09,0.82
69,第六十九回 弄小巧用借剑杀人 觉大限吞生金自逝,7142,2.94,4,2,0,2,1,8,4,3,0,1,1,1,0,1,0,1,0,0,0,0,0,1,0,0.56,0.28,0.0,0.28,0.14,1.12,0.56
70,第七十回 林黛玉重建桃花社 史湘云偶填柳絮词,6293,2.62,3,4,3,1,0,2,2,39,1,0,0,1,2,0,0,2,0,0,1,0,0,0,0,0.52,0.7,0.52,0.17,0.0,0.35,0.35
71,第七十一回 嫌隙人有心生嫌隙 鸳鸯女无意遇鸳鸯,8964,2.45,3,6,2,3,1,5,2,33,0,0,1,2,1,2,0,3,2,0,1,0,0,0,0,0.33,0.67,0.22,0.33,0.11,0.56,0.22
72,第七十二回 王熙凤恃强羞说病 来旺妇倚势霸成亲,7479,3.61,8,4,1,6,2,3,3,35,0,4,0,3,1,3,0,0,0,0,1,1,0,0,0,1.07,0.53,0.13,0.8,0.27,0.4,0.4
73,第七十三回 痴丫头误拾绣春囊 懦小姐不问累金凤,7407,3.92,6,4,2,5,0,8,4,16,0,5,0,0,4,0,1,2,1,0,0,1,1,0,0,0.81,0.54,0.27,0.68,0.0,1.08,0.54
74,第七十四回 惑奸谗抄检大观园 矢孤介杜绝宁国府,10993,3.0,7,5,1,4,3,8,5,29,1,0,2,3,1,3,0,2,1,0,0,0,0,4,0,0.64,0.45,0.09,0.36,0.27,0.73,0.45
75,第七十五回 开夜宴异兆发悲音 赏中秋新词得佳谶,9509,2.73,9,2,2,3,2,8,0,40,0,2,1,2,1,0,0,2,2,0,0,0,0,0,0,0.95,0.21,0.21,0.32,0.21,0.84,0.0
76,第七十六回 凸碧堂品笛感凄清 凹晶馆联诗悲寂寞,7368,3.45,1,8,5,1,2,4,3,61,0,1,2,2,2,1,0,2,4,0,0,0,0,2,0,0.14,1.15,0.72,0.14,0.29,0.58,0.43
77,第七十七回 俏丫鬟抱屈夭风流 美优伶斩情归水月,10497,4.76,13,7,1,6,7,12,4,24,0,0,4,3,2,3,0,1,0,0,0,0,0,1,0,1.24,0.67,0.1,0.57,0.67,1.14,0.38
78,第七十八回 老学士闲征姽婳词 痴公子杜撰芙蓉诔,10631,2.21,5,4,0,2,1,5,5,25,0,2,2,1,1,1,0,3,0,0,0,1,0,1,0,0.5,0.4,0.0,0.2,0.1,0.5,0.5
79,第七十九回 薛文龙悔娶河东狮 贾迎春误嫁中山狼,4752,3.41,1,0,4,2,0,6,3,12,0,2,3,3,3,1,0,2,0,0,0,0,0,1,0,0.21,0.0,0.85,0.43,0.0,1.28,0.64
80,第八十回 懦弱迎春肠回九曲 姣怯香菱病入膏肓,6867,2.77,5,0,1,3,1,7,2,21,0,1,1,6,1,0,0,1,0,0,0,1,1,0,0,0.73,0.0,0.15,0.44,0.15,1.02,0.29
81,第八十一回 惜昵近公子做良媒 讳笞罚丫鬟结恶党,11704,2.22,6,10,2,0,1,6,1,28,0,0,8,2,6,7,2,3,3,0,1,1,0,0,1,0.51,0.85,0.17,0.0,0.09,0.51,0.09
82,第八十二回 王熙凤病求千翼方 林黛玉闷作十独吟,10585,3.21,10,6,2,0,6,8,2,24,0,0,7,5,6,6,3,2,1,0,1,1,1,0,0,0.94,0.57,0.19,0.0,0.57,0.76,0.19
83,第八十三回 暮年哀聊发白头吟 金萱悲情洒儿女泪,11413,3.35,9,13,4,2,5,3,2,34,1,1,3,2,5,9,0,2,0,0,1,1,2,0,0,0.79,1.15,0.35,0.18,0.44,0.26,0.18
84,第八十四回 薛宝钗弥望霭烟缘　史湘云喜得如意郎,12041,2.25,9,4,0,2,3,7,2,44,0,1,6,9,6,4,1,4,1,0,1,1,0,1,0,0.75,0.33,0.0,0.17,0.25,0.58,0.17
85,第八十五回 痴王孙传信牵奇缘 惭妙尼避情乘游槎,10743,2.46,9,5,3,0,3,3,3,16,2,1,4,5,5,5,1,2,0,0,1,1,0,0,0,0.85,0.47,0.28,0.0,0.28,0.28,0.28
86,第八十六回 挑正庶风月断佳偶　祭祖祠清明泣远嫁,10766,2.42,5,11,0,0,3,6,1,26,0,0,6,2,5,7,1,4,1,1,1,1,0,0,0,0.47,1.02,0.0,0.0,0.28,0.56,0.09
87,第八十七回 花柳质命断无情兽　绣户女自绝美韶华,9538,2.52,3,5,0,0,10,4,2,20,1,1,0,1,2,6,3,2,3,1,1,1,0,0,0,0.32,0.53,0.0,0.0,1.05,0.42,0.21
88,第八十八回 邢夫人执意寻舛错 王熙凤聪明误此生,10627,2.73,7,5,1,0,1,7,8,20,0,0,1,0,2,6,2,3,3,0,1,1,0,1,0,0.66,0.47,0.09,0.0,0.09,0.66,0.75
89,第八十九回 有情人欣遇赏心事 不良妾专煞良辰景,10180,2.17,2,3,1,2,6,6,2,30,0,2,7,1,4,3,4,2,2,0,0,0,0,0,0,0.2,0.3,0.1,0.2,0.59,0.59,0.2
90,第九十回 林黛玉嬉春待好音 贾元春托梦警天伦,9178,3.07,5,6,1,0,7,4,5,30,1,1,4,1,3,6,2,1,3,0,1,1,0,0,0,0.55,0.66,0.11,0.0,0.77,0.44,0.55
91,第九十一回 锦衣卫查抄荣宁府 御林军戒严大观园,10418,2.51,3,5,4,0,6,4,4,10,0,0,4,1,3,6,1,2,1,0,1,1,0,0,2,0.29,0.48,0.39,0.0,0.58,0.39,0.39
92,第九十二回 家宅乱恶子通强梁 世道艰道人连流寇,10532,3.61,10,10,1,3,7,4,3,14,0,2,2,1,3,8,0,4,1,1,1,1,0,0,0,0.95,0.95,0.09,0.28,0.66,0.38,0.28
93,第九十三回 山雨近阊阖笼霭晦　风云喧末世漫尘烟,9852,2.03,3,4,3,0,5,2,3,10,0,0,5,2,4,2,1,2,0,0,1,1,0,0,0,0.3,0.41,0.3,0.0,0.51,0.2,0.3
94,第九十四回 骨肉泯良女落风尘 贵贱失恶奴劫浮财,11244,3.2,7,10,2,1,4,8,4,29,0,1,4,4,6,6,2,1,1,1,1,1,0,0,1,0.62,0.89,0.18,0.09,0.36,0.71,0.36
95,第九十五回 水月庵龄官挞贾蔷　嶽神庙茜雪慰宝玉,9586,3.73,7,11,3,0,7,5,2,33,0,0,2,4,5,2,3,2,3,2,1,1,0,0,1,0.75,1.17,0.32,0.0,0.75,0.53,0.21
96,第九十六回 贾宝玉参无知无识 花袭人信有始有终,10397,2.03,5,4,0,1,6,5,0,17,0,2,7,3,1,7,0,1,0,0,1,1,3,0,1,0.48,0.39,0.0,0.1,0.58,0.48,0.0
97,第九十七回 鸳鸯女谮语泄天机 绛珠仙泪尽抛全生,10716,3.64,7,11,2,1,6,9,2,17,0,3,4,0,2,5,1,4,1,0,1,1,0,0,0,0.67,1.05,0.19,0.1,0.57,0.86,0.19
98,第九十八回 系新绦嗟慰失意人 拾旧帕悲悼寂寞骨,10050,1.7,1,6,1,0,4,3,2,15,0,0,7,2,2,5,0,1,2,0,1,1,0,0,2,0.1,0.6,0.1,0.0,0.4,0.3,0.2
99,第九十九回 林黛玉还魂证前缘 贾宝玉展裘触旧情,8448,2.37,3,7,0,0,7,1,2,6,0,0,7,0,2,2,0,2,1,0,1,1,0,0,1,0.36,0.83,0.0,0.0,0.83,0.12,0.24
100,第一百回 邢岫烟魂断大庾岭 赵姨娘命丧平安州,9728,3.61,6,7,4,0,2,13,3,12,0,0,4,4,3,6,2,2,1,1,1,1,0,0,1,0.62,0.72,0.41,0.0,0.21,1.34,0.31
101,第一百零一回 呆霸王惹祸牵旧案 悍妒妇作歹设新谋,9726,3.03,5,7,1,0,5,7,4,5,0,0,7,3,8,6,3,1,1,1,1,1,0,0,0,0.52,0.73,0.1,0.0,0.52,0.73,0.42
102,第一百零二回 冷惜春甘伴青灯佛 洁妙玉泥陷瓜洲渡,9453,3.07,3,11,0,1,5,6,2,10,0,0,5,0,3,8,3,2,2,2,1,1,0,0,0,0.33,1.21,0.0,0.11,0.55,0.66,0.22
103,第一百零三回 刘姥姥三进荣国府 贾巧姐二哭大观园,9643,1.87,2,3,1,5,2,2,3,10,0,1,2,2,1,4,1,2,1,0,1,1,0,0,1,0.21,0.31,0.1,0.52,0.21,0.21,0.31
104,第一百零四回 毒中毒薛姨妈添病 计上计夏金桂焚身,9686,3.42,5,8,1,0,2,10,7,15,0,2,4,7,2,2,2,1,3,0,1,1,0,0,0,0.52,0.83,0.1,0.0,0.21,1.04,0.73
105,第一百零五回 薛宝钗藉词含讽谏 王熙凤知命强英雄,8578,4.76,9,2,6,4,5,7,7,12,0,0,5,3,4,5,0,2,1,1,1,1,0,0,0,1.07,0.24,0.71,0.48,0.6,0.83,0.83
106,第一百零六回 孤倔王孙悬崖撒手 凄惶红袖秋千传情,10051,3.02,3,5,2,0,6,6,7,15,1,0,2,2,4,2,2,2,2,0,1,1,0,0,1,0.31,0.52,0.21,0.0,0.62,0.62,0.73
107,第一百零七回 史湘云诉前尘旧梦 贾宝玉淡后事今生,10574,2.01,6,2,0,0,6,4,3,9,0,1,5,2,3,5,0,1,0,1,1,1,0,0,1,0.57,0.19,0.0,0.0,0.57,0.38,0.29
108,第一百零八回 情不情僧遭逢穷途 幻中幻境展演情榜,8801,3.3,5,14,0,0,2,3,2,8,0,0,4,2,3,0,2,2,1,0,0,0,0,0,1,0.63,1.77,0.0,0.0,0.25,0.38,0.25
