回,段,旗标,字符,正文
3,7,只见×2；核心合计×4,773,一语未了，只听后院中有人笑声，说：“我来迟了，不曾迎接远客！”黛玉纳罕道：“这些人个个皆敛声屏气，恭肃严整如此，这来者系谁，这样放诞无礼？”心下想时，只见一群媳……
3,9,一时×2,617,当下茶果已撤，贾母命两个老嬷嬷带了黛玉去见两个母舅。时贾赦之妻邢氏忙亦起身，笑回道：“我带了外甥女过去，倒也便宜。”贾母笑道：“正是呢，你也去罢，不必过来了。”……
3,15,一时×3,344,黛玉亦常听得母亲说过，二舅母生的有个表兄，乃衔玉而诞，顽劣异常，极恶读书，最喜在内帏厮混，外祖母又极溺爱，无人敢管。今见王夫人如此说，便知说的是这表兄了。因陪笑……
5,19,只见×3,353,宝玉看了，便知感叹。进入门来，只见有十数个大橱，皆用封条封着。看那封条上，皆是各省的地名。宝玉一心只拣自己的家乡封条看，遂无心看别省的了。只见那边橱上封条上大书……
6,6,只见×2；核心合计×6,351,次日天未明，刘姥姥便起来梳洗了，又将板儿教训了几句。那板儿才五六岁的孩子，一无所知，听见刘姥姥带他进城逛去，便喜的无不应承。于是刘姥姥带他进城，找至宁荣街。来至……
6,14,只见×2,402,只见门外錾铜钩上悬着大红撒花软帘，南窗下是炕，炕上大红毡条，靠东边板壁立着一个锁子锦靠背与一个引枕，铺着金心绿闪缎大坐褥，旁边有雕漆痰盒。那凤姐儿家常带着秋板貂……
6,16,核心合计×5,495,这里凤姐叫人抓些果子与板儿吃，刚问些闲话时，就有家下许多媳妇管事的来回话。平儿回了，凤姐道：“我这里陪客呢，晚上再来回。若有很要紧的，你就带进来现办。”平儿出去……
6,19,说道×4；核心合计×6,450,这里刘姥姥心神方定，才又说道：“今日我带了你侄儿来，也不为别的，只因他老子娘在家里，连吃的都没有。如今天又冷了，越想没个派头儿，只得带了你侄儿奔了你老来。”说着……
7,2,只见×2,170,话说周瑞家的送了刘姥姥去后，便上来回王夫人话。谁知王夫人不在上房，问丫鬟们时，方知往薛姨妈那边闲话去了。周瑞家的听说，便转出东角门至东院，往梨香院来。刚至院门前……
7,8,只见×2,229,一时间周瑞家的携花至王夫人正房后头来。原来近日贾母说孙女儿们太多了，一处挤着倒不方便，只留宝玉、黛玉二人这边解闷，却将迎、探、惜三人移到王夫人这边房后三间小抱厦……
7,11,只见×2,330,那周瑞家的又和智能儿劳叨了一会，便往凤姐儿处来。穿夹道从李纨后窗下过，越过西花墙，出西角门进入凤姐院中。走至堂屋，只见小丫头丰儿坐在凤姐房中门槛上，见周瑞家的来……
8,5,只见×3；核心合计×4,664,闲言少述，且说宝玉来至梨香院中，先入薛姨妈室中来，正见薛姨妈打点针黹与丫鬟们呢。宝玉忙请了安，薛姨妈忙一把拉了他，抱入怀内，笑说：“这们冷天，我的儿，难为你想着……
8,24,说道×3；核心合计×4,548,说话时，宝玉已是三杯过去。李嬷嬷又上来拦阻。宝玉正在心甜意洽之时，和宝黛姊妹说说笑笑的，那肯不吃。宝玉只得屈意央告：“好妈妈，我再吃两钟就不吃了。”李嬷嬷道：“……
9,15,核心合计×6；单词≥3,335,此时贾瑞也怕闹大了，自己也不干净，只得委曲着来央告秦钟，又央告宝玉。先是他二人不肯。后来宝玉说：“不回去也罢了，只叫金荣赔不是便罢。”金荣先是不肯，后来禁不得贾……
11,14,说道×3；核心合计×4,398,"这里凤姐儿又劝解了秦氏一番，又低低的说了许多衷肠话儿，尤氏打发人请了两三遍，凤姐儿才向秦氏说道：""你好生养着罢，我再来看你。合该你这病要好，所以前日就有人荐了这……"
11,16,说道×3,206,"凤姐儿正自看园中景致，一步步行来赞赏。猛然从假山石后走过一个人来，向前对凤姐儿说道：""请嫂子安。""凤姐儿猛然见了，将身子望后一退，说道：""这是瑞大爷不是？""贾瑞……"
11,18,说道×4；核心合计×4,214,"于是凤姐儿方移步前来。将转过了一重山坡，见两三个婆子慌慌张张的走来，见了凤姐儿，笑说道：""我们奶奶见二奶奶只是不来，急的了不得，叫奴才们又来请奶奶来了。""凤姐儿……"
11,19,说道×5；核心合计×5,448,"凤姐儿听了，款步提衣上了楼，见尤氏已在楼梯口等着呢。尤氏笑说道：""你们娘儿两个忒好了，见了面总舍不得来了。你明日搬来和他住着罢。你坐下，我先敬你一钟。""于是凤姐……"
11,24,核心合计×4,326,"凤姐儿答应着就出来了，到了尤氏上房坐下。尤氏道：""你冷眼瞧媳妇是怎么样？""凤姐儿低了半日头，说道：""这实在没法儿了。你也该将一应的后事用的东西给他料理料理，冲一……"
11,25,说道×3,289,"凤姐儿答应着出来，见过了王夫人，到了家中，平儿将烘的家常的衣服给凤姐儿换了。凤姐儿方坐下，问道：""家里没有什么事么？""平儿方端了茶来，递了过去，说道：""没有什么……"
12,6,只见×3,410,那贾瑞只盼不到夜上，偏生家里有亲戚又来了，直等吃了晚饭才去，那天已有掌灯时候。又等他祖父安歇了，方溜进荣府，直往那夹道中屋子里来等着，热锅上的蚂蚁一般，只是干转……
12,8,核心合计×5,234,贾瑞此时身不由己，只得蹲在那里。心下正盘算，只听头顶上一声响，哗拉拉一净桶尿粪从上面直泼下来，可巧浇了他一头一身，贾瑞掌不住嗳哟了一声，忙又掩住口，不敢声张，满……
12,12,只见×4；核心合计×4,307,贾瑞收了镜子，想道：“这道士倒有些意思，我何不照一照试试。”想毕，拿起“风月鉴”来，向反面一照，只见一个骷髅立在里面，唬得贾瑞连忙掩了，骂：“道士混账，如何吓我……
12,13,只见×2,210,旁边伏侍的贾瑞的众人，只见他先还拿着镜子照，落下来，仍睁开眼拾在手内，末后镜子落下来便不动了。众人上来看看，已没了气，身子底下冰凉渍湿一大滩精，这才忙着穿衣抬床……
13,5,核心合计×4,484,"尤氏在下首坐了，手里绞着一方绢子，头低低的，眼睛哭得桃儿一般，却连泪也不敢大淌。屋里静了半日，还是贾政先开口，长叹一声道：""咱们这样人家，全靠着体面服众。如今出……"
15,4,只见×2；核心合计×4,293,不一时，只见从那边两骑马压地飞来，离凤姐车不远，一齐蹿下来，扶车回说：“这里有下处，奶奶请歇更衣。”凤姐急命请邢夫人王夫人的示下，那人回来说：“太太们说不用歇了……
15,5,只见×3；核心合计×7,407,一时凤姐进入茅堂，因命宝玉等先出去顽顽。宝玉等会意，因同秦钟出来，带着小厮们各处游顽。凡庄农动用之物，皆不曾见过。宝玉一见了锹、镢、锄、犁等物，皆以为奇，不知何……
15,6,一时×2；只见×2；核心合计×5,234,宝玉怅然无趣。只见凤姐儿打发人来叫他两个进去。凤姐洗了手，换衣服抖灰，问他们换不换。宝玉不换，只得罢了。家下仆妇们将带着行路的茶壶茶杯、十锦屉盒、各样小食端来，……
15,10,核心合计×4,429,不言老尼陪着凤姐。且说秦钟、宝玉二人正在殿上顽耍，因见智能过来，宝玉笑道：“能儿来了。”秦钟道：“理那东西作什么？”宝玉笑道：“你别弄鬼，那一日在老太太屋里，一……
15,14,只见×2；核心合计×4,487,谁想秦钟趁黑无人，来寻智能。刚至后面房中，只见智能独在房中洗茶碗，秦钟跑来便搂着亲嘴。智能儿急的跺脚说：“这算什么！再这么我就叫唤。”秦钟求道：“好人，我已急死……
17,4,只见×3,332,贾政刚至园门前，只见贾珍带领许多执事人来，一旁侍立。贾政道：“你且把园门都关上，我们先瞧了外面再进去。”贾珍听说，命人将门关了。贾政先秉正看门。只见正门五间，上……
18,8,一时×2；核心合计×4,185,一时传人一担一担的挑进蜡烛来，各处点灯。方点完时，忽听外边马跑之声。一时，有十来个太监都喘吁吁跑来拍手儿。这些太监会意，都知道是“来了，来了”，各按方向站住。贾……
19,13,核心合计×4,263,少时，宝玉回来，命人去接袭人。只见晴雯躺在床上不动，宝玉因问：“敢是病了？再不然输了？”秋纹道：“他倒是赢的。谁知李老奶奶来了，混输了，他气的睡去了。”宝玉笑道……
20,13,说道×3；核心合计×5,750,宝玉忙跟了来，问道：“好好的又生气了？就是我说错了，你到底也还坐在那里，和别人说笑一会子。又来自己纳闷。”林黛玉道：“你管我呢！”宝玉笑道：“我自然不敢管你，只……
21,3,核心合计×4,620,"黛玉起来叫醒湘云，二人都穿了衣服。宝玉复又进来，坐在镜台旁边，只见紫鹃、雪雁进来伏侍梳洗。湘云洗了面，翠缕便拿残水要泼，宝玉道：""站着，我趁势洗了就完了，省得又……"
21,6,只见×2；核心合计×4,377,正闹着，贾母遣人来叫他吃饭，方往前边来，胡乱吃了半碗，仍回自己房中。只见袭人睡在外头炕上，麝月在旁边抹骨牌。宝玉素知麝月与袭人亲厚，一并连麝月也不理，揭起软帘自……
21,11,说道×4；核心合计×7,596,"续毕，掷笔就寝。头刚着枕便忽睡去，一夜竟不知所之，直至天明方醒。翻身看时，只见袭人和衣睡在衾上。宝玉将昨日的事已付与度外，便推他说道：""起来好生睡，看冻着了。""……"
23,9,只见×2,216,刚至穿堂门前，只见袭人倚门立在那里，一见宝玉平安回来，堆下笑来问道：“叫你作什么？”宝玉告诉他：“没有什么，不过怕我进园去淘气，愿婪愿馈”一面说，一面回至贾母跟……
23,17,核心合计×4,437,回来只见地下还有许多，宝玉正踟蹰间，只听背后有人说道：“你在这里作什么？”宝玉一回头，却是林黛玉来了，肩上担着花锄，锄上挂着花囊，手内拿着花帚。宝玉笑道：“好，……
24,2,只见×3,404,鸳鸯便叫道：“袭人，你出来瞧瞧。你跟他一辈子，也不劝劝，还是这么着。”袭人抱了衣服出来，向宝玉道：“左劝也不改，右劝也不改，你到底是怎么样？你再这么着，这个地方……
24,15,只见×2,324,到贾琏院门前，只见几个小厮拿着大高笤帚在那里扫院子呢。忽见周瑞家的从门里出来叫小厮们：“先别扫，奶奶出来了。”贾芸忙上前笑问：“二婶婶那去？”周瑞家的道：“老太……
24,20,说道×3；核心合计×4,500,贾芸往外瞧时，看是一个十六七岁的丫头，生的倒也细巧干净。那丫头见了贾芸，便抽身躲了过去。恰当很走来，见那丫头在门前，便说道：“好，好，正抓不着个信儿。”贾芸见了……
25,0,只见×2；核心合计×6,426,话说红玉心神恍惚，情思缠绵，忽朦胧睡去，遇见贾芸要拉他，却回身一跑，被门槛绊了一跤，唬醒过来，方知是梦。因此翻来复去，一夜无眠。至次日天明，方才起来，就有几个丫……
25,1,只见×2；核心合计×5,209,却说红玉正自出神，忽见袭人招手叫他，只得走上前来。袭人笑道：“你到林姑娘那里去，把他们的借来使使，我们这里的喷壶还没有收拾了来呢。”红玉答应了，便往潇湘馆去。正……
25,3,一时×3；核心合计×5,245,可巧王夫人见贾环下了学，便命他来抄个《金刚咒》唪诵唪诵。那贾环正在王夫人炕上坐着，命人点灯，拿腔作势的抄写。一时又叫彩云倒杯茶来，一时又叫玉钏儿来剪剪蜡花，一时……
25,4,只见×2,325,两人正说着，只见凤姐来了，拜见过王夫人。王夫人便一长一短的问他，今儿是那几位堂客，戏文好歹，酒席如何等语。说了不多几句话，宝玉也来了，进门见了王夫人，不过规规矩……
25,8,一时×2,865,过了一日，就有宝玉寄名的干娘马道婆进荣国府来请安。见了宝玉，唬一大跳，问起原由，说是烫的，便点头叹息一回，向宝玉脸上用指头画了一画，口内嘟囔囔的又持诵了一回，说……
25,11,说道×6；核心合计×8,913,马道婆见他如此说，便探他口气说道：“我还用你说，难道都看不出来。也亏你们心里也不理论，只凭他去。倒也妙。”赵姨娘道：“我的娘，不凭他去，难道谁还敢把他怎么样呢？……
25,14,只见×2,330,凤姐笑道：“你别作梦！你给我们家作了媳妇，少什么？”指宝玉道：“你瞧瞧，人物儿、门第配不上，根基配不上，家私配不上？那一点还玷辱了谁呢？”林黛玉抬身就走。宝钗便……
25,15,只见×2,424,这里宝玉拉着林黛玉的袖子，只是嘻嘻的笑，心里有话，只是口里说不出来。此时林黛玉只是禁不住把脸红涨了，挣着要走。宝玉忽然“嗳哟”了一声，说：“好头疼！”林黛玉道：……
26,4,核心合计×4,352,红玉听了冷笑了两声，方要说话，只见一个未留头的小丫头子走进来，手里拿着些花样子并两张纸，说道：“这是两个样子，叫你描出来呢。”说着向红玉掷下，回身就跑了。红玉向……
26,6,只见×2,179,一时，只见一个小丫头子跑来，见红玉站在那里，便问道：“林姐姐，你在这里作什么呢？”红玉抬头见是小丫头子坠儿。红玉道：“那去？”坠儿道：“叫我带进芸二爷来。”说着……
26,7,只见×4；核心合计×7,536,这里贾芸随着坠儿，逶迤来至怡红院中。坠儿先进去回明了，然后方领贾芸进去。贾芸看时，只见院内略略有几点山石，种着芭蕉，那边有两只仙鹤在松树下剔翎。一溜回廊上吊着各……
26,13,只见×2,198,宝玉无精打采的，只得依他。晃出了房门，在回廊上调弄了一回雀儿；出至院外，顺着沁芳溪看了一回金鱼。只见那边山坡上两只小鹿箭也似的跑来，宝玉不解其意，正自纳闷，只见……
26,14,只见×4；核心合计×4,200,说着，顺着脚一径来至一个院门前，只见凤尾森森，龙吟细细。举目望门上一看，只见匾上写着“潇湘馆”三字。宝玉信步走入，只见湘帘垂地，悄无人声。走至窗前，觉得一缕幽香……
26,18,只见×2,125,正说着，只见袭人走来说道：“快回去穿衣服，老爷叫你呢。”宝玉听了，不觉打了个焦雷的一般，也顾不得别的，疾忙回来穿衣服。出园来，只见焙茗在二门前等着，宝玉便问道：……
26,26,只见×2,158,却说那林黛玉听见贾政叫了宝玉去了，一日不回来，心中也替他忧虑。至晚饭后，闻听宝玉来了，心里要找他问问是怎么样了。一步步行来，见宝钗进宝玉的院内去了，自己也便随后……
26,27,说道×3；核心合计×5,491,谁知晴雯和碧痕正拌了嘴，没好气，忽见宝钗来了，那晴雯正把气移在宝钗身上，正在院内抱怨说：“有事没事跑了来坐着，叫我们三更半夜的不得睡觉！”忽听又有人叫门，晴雯越……
27,5,说道×5；核心合计×6,391,宝钗在亭外听见说话，便煞住脚往里细听，只听说道：“你瞧瞧这手帕子，果然是你丢的那块，你就拿着；要不是，就还芸二爷去。”又有一人说话：“可不是我那块！拿来给我罢。……
27,6,核心合计×4,443,宝钗在外面听见这话，心中吃惊，想道：“怪道从古至今那些奸一淫一狗盗的人，心机都不错。这一开了，见我在这里，他们岂不臊了。况才说话的语音，大似宝玉房里的红儿的言语……
27,7,核心合计×4,200,谁知红玉听了宝钗的话，便信以为真，让宝钗去远，便拉坠儿道：“了不得了！林姑娘蹲在这里，一定听了话去了！”坠儿听说，也半日不言语。红玉又道：“这可怎么样呢？”坠儿……
27,9,只见×3；核心合计×4,511,红玉听说撤身去了，回来只见凤姐不在这山坡子上了。因见司棋从山洞里出来，站着系裙子，便赶上来问道：“姐姐，不知道二奶奶往那里去了？”司棋道：“没理论。”红玉听了，……
27,16,核心合计×4,656,宝玉笑道：“你提起鞋来，我想起个故事：那一回我穿着，可巧遇见了老爷，老爷就不受用，问是谁作的。我那里敢提‘三妹妹’三个字，我就回说是前儿我生日，是舅母给的。老爷……
28,10,只见×2；核心合计×5,573,一时吃过饭，宝玉一则怕贾母记挂，二则也记挂着林黛玉，忙忙的要茶漱口。探春惜春都笑道：“二哥哥，你成日家忙些什么？吃饭吃茶也是这么忙碌碌的。”宝钗笑道：“你叫他快……
28,11,只见×3；说道×5；核心合计×9,526,宝玉进来，只见地下一个丫头吹熨斗，炕上两个丫头打粉线，黛玉弯着腰拿着剪子裁什么呢。宝玉走进来笑道：“哦，这是作什么呢？才吃了饭，这么空着头，一会子又头疼了。”黛……
28,12,只见×2；核心合计×5,275,宝玉出来，到外面，只见焙茗说道：“冯大爷家请。”宝玉听了，知道是昨日的话，便说：“要衣裳去。”自己便往书房里来。焙茗一直到了二门前等人，只见一个老婆子出来了，焙……
28,28,说道×5；核心合计×7,554,薛蟠道：“我可要说了：女儿悲──”说了半日，不见说底下的。冯紫英笑道：“悲什么？快说来。”薛蟠登时急的眼睛铃铛一般，瞪了半日，才说道：“女儿悲──”又咳嗽了两声……
28,33,只见×2,525,少刻，宝玉出席解手，蒋玉菡便随了出来。二人站在廊檐下，蒋玉菡又陪不是。宝玉见他妩媚温柔，心中十分留恋，便紧紧的搭着他的手，叫他：“闲了往我们那里去。还有一句话借……
28,35,只见×2；核心合计×5,162,至次日天明，方才醒了，只见宝玉笑道：“夜里失了盗也不晓得，你瞧瞧裤子上。”袭人低头一看，只见昨日宝玉系的那条汗巾子系在自己腰里呢，便知是宝玉夜间换了，忙一顿把解……
28,38,只见×4；核心合计×4,606,正说着，只见宝钗从那边来了，二人便走开了。宝钗分明看见，只装看不见，低着头过去了，到了王夫人那里，坐了一回，然后到了贾母这边，只见宝玉在这里呢。薛宝钗因往日母亲……
29,11,只见×2,383,说毕，只见凤姐儿笑道：“张爷爷，我们丫头的寄名符儿你也不换去。前儿亏你还有那么大脸，打发人和我要鹅黄缎子去！要不给你，又恐怕你那老脸上过不去。”张道士呵呵大笑道……
29,13,只见×3；核心合计×4,463,这里贾母与众人各处游玩了一回，方去上楼。只见贾珍回说：“张爷爷送了玉来了。”刚说着，只见张道士捧了盘子，走到跟前笑道：“众人托小道的福，见了哥儿的玉，实在可罕。……
29,16,只见×3；核心合计×4,484,刚要说话，只见贾珍、贾蓉的妻子婆媳两个来了，彼此见过，贾母方说：“你们又来做什么，我不过没事来逛逛。”一句话没说了，只见人报：“冯将军家有人来了。”原来冯紫英家……
29,17,说道×3；核心合计×4,430,且说宝玉因见林黛玉又病了，心里放不下，饭也懒去吃，不时来问。林黛玉又怕他有个好歹，因说道：“你只管看你的戏去，在家里作什么？”宝玉因昨日张道士提亲，心中大不受用……
30,8,只见×2,182,谁知目今盛暑之时，又当早饭已过，各处主仆人等多半都因日长神倦之时，宝玉背着手，到一处，一处鸦雀无闻。从贾母这里出来，往西走过了穿堂，便是凤姐的院落。到他们院门前……
30,11,只见×2,370,且说那宝玉见王夫人醒来，自己没趣，忙进大观园来。只见赤日当空，树一阴一合地，满耳蝉声，静无人语。刚到了巨被架，只听有人哽噎之声。宝玉心中疑惑，便站住细听，果然架……
30,12,只见×3；核心合计×4,436,一面想，一面又恨认不得这个是谁。再留神细看，只见这女孩子眉蹙春山，眼颦秋水，面薄腰纤，袅袅婷婷，大有林黛玉之态。宝玉早又不忍弃他而去，只管痴看。只见他虽然用金簪……
30,15,核心合计×4,683,宝玉见关着门，便以手扣门，里面诸人只顾笑，那里听见。叫了半日，拍的门山响，里面方听见了，估谅着宝玉这会子再不回来的。袭人笑道：“谁这会子叫门，没人开去。”宝玉道……
30,16,只见×3；核心合计×4,318,说着，那雨已住了，宝官、玉官也早去了。袭人只觉肋下疼的心里发闹，晚饭也不曾好生吃。至晚间洗澡时脱了衣服，只见肋上青了碗大一块，自己倒唬了一跳，又不好声张。一时睡……
31,2,一时×2,456,林黛玉天性喜散不喜聚。他想的也有个道理，他说，“人有聚就有散，聚时欢喜，到散时岂不清冷？既清冷则生伤感，所以不如倒是不聚的好。比如那花开时令人爱慕，谢时则增惆怅……
31,3,核心合计×4,1119,袭人在那边早已听见，忙赶过来向宝玉道：“好好的，又怎么了？可是我说的：‘一时我不到，就有事故儿。’”晴雯听了冷笑道：“姐姐既会说，就该早来，也省了爷生气。自古以……
31,5,只见×3；核心合计×7,1145,一时黛玉去后，就有人说“薛大爷请”，宝玉只得去了。原来是吃酒，不能推辞，只得尽席而散。晚间回来，已带了几分酒，踉跄来至自己院内，只见院中早把乘凉枕榻设下，榻上有……
31,6,一时×2,754,至次日午间，王夫人、薛宝钗、林黛玉众姊妹正在贾母房内坐着，就有人回：“史大姑娘来了。”一时果见史湘云带领众多鬟媳妇走进院来。宝黛玉等忙迎至阶下相见。青年姊妹间经……
31,8,说道×3,1383,贾母向湘云道：“吃了茶歇一歇，瞧瞧你的嫂子们去。园里也凉快，同你姐姐们去逛逛。”湘云答应了，将三个戒指儿包上，歇了一歇，便起身要瞧凤姐等人去。众奶娘丫头跟着，到……
32,4,说道×5；核心合计×5,800,这里宝玉忙忙的穿了衣裳出来，忽见林黛玉在前面慢慢的走着，似有拭泪之状，便忙赶上来，笑道：“妹妹往那里去？怎么又哭了？又是谁得罪了你？”林黛玉回头见是宝玉，便勉强……
32,5,一时×2；核心合计×4,312,宝玉站着，只管发起呆来。原来方才出来慌忙，不曾带得扇子，袭人怕他热，忙拿了扇子赶来送与他，忽抬头见了林黛玉和他站着。一时黛玉走了，他还站着不动，因而赶上来说道：……
32,9,核心合计×5,761,却说宝钗来至王夫人处，只见鸦雀无闻，独有王夫人在里间房内坐着垂泪。宝钗便不好提这事，只得一旁坐了。王夫人便问：“你从那里来？”宝钗道：“从园里来。”王夫人道：“……
33,7,核心合计×4,677,众人听这话不好听，知道气急了，忙又退出，只得觅人进去给信。王夫人不敢先回贾母，只得忙穿衣出来，也不顾有人没人，忙忙赶往书房中来，慌的众门客小厮等避之不及。王夫人……
33,8,说道×4；核心合计×8,646,正没开交处，忽听丫鬟来说：“老太太来了。”一句话未了，只听窗外颤巍巍的声气说道：“先打死我，再打死他，岂不干净了！”贾政见他母亲来了，又急又痛，连忙迎接出来，只……
34,1,一时×3；只见×3；核心合计×10,1155,"正说着，只听丫鬟们说：""宝姑娘来了。""袭人听见，知道穿不及中衣，便拿了一床袷纱被替宝玉盖了。只见宝钗手里托着一丸药走进来，向袭人说道：""晚上把这药用酒研开，替他……"
34,3,只见×3；说道×4；核心合计×9,601,这里宝玉昏昏默默，只见蒋玉菡走了进来，诉说忠顺府拿他之事；又见金钏儿进来哭说为他投井之情。宝玉半梦半醒，都不在意。忽又觉有人推他，恍恍忽忽听得有人悲戚之声。宝玉……
34,5,只见×2；核心合计×4,754,"袭人答应了，送他们出去。刚要回来，只见王夫人使个婆子来，口称""太太叫一个跟二爷的人呢""。袭人见说，想了一想，便回身悄悄告诉晴雯、麝月、檀云、秋纹等说：""太太叫人……"
34,7,一时×2,1033,"袭人见王夫人这般悲感，自己也不觉伤了心，陪着落泪。又道：""二爷是太太养的，岂不心疼。便是我们做下人的伏侍一场，大家落个平安，也算是造化了。要这样起来，连平安都不……"
34,10,核心合计×4,261,"晴雯听了，只得拿了帕子往潇湘馆来。只见春纤正在栏杆上晾手帕子，见他进来，忙摆手儿，说：""睡下了。""晴雯走进来，满屋魆黑，并未点灯。黛玉已睡在床上，问是谁，晴雯忙……"
34,19,核心合计×5,1402,却说袭人来见宝钗，谁知宝钗不在园内，往他母亲那里去了，袭人便空手回来。等至二更，宝钗方回来。原来宝钗素知薛蟠情性，心中已有一半疑是薛蟠调唆了人来告宝玉的，谁知又……
35,0,只见×4；核心合计×7,456,话说宝钗分明听见林黛玉刻薄他，因记挂着母亲哥哥，并不回头，一径去了。这里林黛玉还自立于花一阴一之下，远远的却向怡红院内望着，只见李宫裁、迎春、探春、惜春并各项人……
35,1,只见×2,462,一进院门，只见满地下竹影参差，苔痕浓淡，不觉又想起《西厢记》中所云“幽僻处可有人行，点苍苔白露泠泠”二句来，因暗暗的叹道：“双文，双文，诚为命薄人矣。然你虽命薄……
35,2,核心合计×4,898,且说薛宝钗来至家中，只见母亲正自梳头呢。一见他来了，便说道：“你大清早起跑来作什么？”宝钗道：“我瞧瞧妈身上好不好。昨儿我去了，不知他可又过来闹了没有？”一面说……
35,3,只见×2,407,这里薛姨妈和宝钗进园来瞧宝玉，到了怡红院中，只见抱厦里外回廊上许多丫鬟老婆站着，便知贾母等都在这里。母女两个进来，大家见过了，只见宝玉躺在榻上。薛姨妈问他可好些……
35,10,核心合计×5,711,这里麝月等预备了碗箸来伺候吃饭。宝玉只是不吃，问玉钏儿道：“你母亲身子好？”玉钏儿满脸怒色，正眼也不看宝玉，半日，方说了一个“好”字。宝玉便觉没趣，半日，只得又……
36,2,核心合计×5,1417,这日午间，薛姨妈母女两个与林黛玉等正在王夫人房里大家吃东西呢，凤姐儿得便回王夫人道：“自从玉钏儿姐姐死了，太太跟前少着一个人。太太或看准了那个丫头好，就吩咐，下……
36,8,只见×2；核心合计×5,422,一日，宝玉因各处游的烦腻，便想起《牡丹亭》曲来，自己看了两遍，犹不惬怀，因闻得梨香院的十二个女孩子中有小旦龄官最是唱的好，因着意出角门来找时，只见宝官玉官都在院……
36,9,核心合计×4,749,宝玉听了，以为奇特，少站片时，果见贾蔷从外头来了，手里又提着个雀儿笼子，上面扎着个小戏台，并一个雀儿，兴兴头头的往里走着找龄官。见了宝玉，只得站住。宝玉问他：“……
37,25,核心合计×4,341,次日一早，便又往贾母处来催逼人接去。直到午后，史湘云才来，宝玉方放了心，见面时就把始末原由告诉他，又要与他诗看。李纨等因说道：“且别给他诗看，先说与他韵。他后来……
37,29,一时×2；说道×4；核心合计×6,1189,这里宝钗又向湘云道：“诗题也不要过于新巧了。你看古人诗中那些刁钻古怪的题目和那极险的韵了，若题过于新巧，韵过于险，再不得有好诗，终是小家气。诗固然怕说熟话，更不……
39,5,只见×2,901,平儿等来至贾母房中，彼时大观园中姊妹们都在贾母前承奉。刘姥姥进去，只见满屋里珠围翠绕，花枝招展，并不知都系何人。只见一张榻上歪着一位老婆婆，身后坐着一个纱罗裹的……
39,6,核心合计×6,930,凤姐知道合了贾母的心，吃了饭便又打发过来。鸳鸯忙令老婆子带了刘姥姥去洗了澡，自己挑了两件随常的衣服令给刘姥姥换上。那刘姥姥那里见过这般行事，忙换了衣裳出来，坐在……
40,0,只见×2,226,话说宝玉听了，忙进来看时，只见琥珀站在屏风跟前说：“快去吧，立等你说话呢。”宝玉来至上房，只见贾母正和王夫人众姊妹商议给史湘云还席。宝玉因说道：“我有个主意。既……
40,1,只见×3；核心合计×4,495,次日清早起来，可喜这日天气清朗。李纨侵晨先起，看着老婆子丫头们扫那些落叶，并擦抹桌椅，预备茶酒器皿。只见丰儿带了刘姥姥板儿进来，说“大奶奶倒忙的紧。”李纨笑道：……
40,4,只见×2；核心合计×4,668,贾母少歇一回，自然领着刘姥姥都见识见识。先到了潇湘馆。一进门，只见两边竹夹路，土地下苍苔布满，中间羊肠一条石子漫的路。刘姥姥让出路来贾母众人走，自己却赶走土地。……
40,17,核心合计×4,1543,凤姐儿忙走至当地，笑道：“既行令，还叫鸳鸯姐姐来行更好。”众人都知贾母所行之令必得鸳鸯提着，故听了这话，都说：“很是。”凤姐儿便拉了鸳鸯过来。王夫人笑道：“既在……
41,0,说道×3；核心合计×8；单词≥3,1511,话说刘姥姥两只手比着说道：“花儿落了结个大倭瓜。”众人听了哄堂大笑起来。于是吃过门杯，因又逗趣笑道：“实告诉说罢，我的手脚子粗笨，又喝了酒，仔细失手打了这瓷杯。……
41,1,一时×2；只见×2；核心合计×5,460,只见一个婆子走来请问贾母，说：“姑娘们都到了藕香榭，请示下，就演罢还是再等一会子？”贾母忙笑道：“可是倒忘了他们，就叫他们演罢。”那个婆子答应去了。不一时，只听……
41,5,只见×2,891,那妙玉便把宝钗和黛玉的衣襟一拉，二人随他出去，宝玉悄悄的随后跟了来。只见妙玉让他二人在耳房内，宝钗坐在榻上，黛玉便坐在妙玉的蒲团上。妙玉自向风炉上扇滚了水，另泡……
41,8,一时×2,325,宝玉湘云等看着丫鬟们将攒盒搁在山石上，也有坐在山石上的，也有坐在草地下的，也有靠着树的，也有傍着水的，倒也十分热闹。一时又见鸳鸯来了，要带着刘姥姥各处去逛，众人……
41,9,只见×5；核心合计×8,912,那刘姥姥因喝了些酒，他脾气不与黄酒相宜，且吃了许多油腻饮食，发渴多喝了几碗茶，不免通泻起来，蹲了半日方完。及出厕来，酒被风禁，且年迈之人，蹲了半天，忽一起身，只……
42,6,只见×2；核心合计×4,393,一时只见贾珍、贾琏、贾蓉三个人将王太医领来。王太医不敢走甬路，只走旁阶，跟着贾珍到了阶矶上。早有两个婆子在两边打起帘子，两个婆子在前导引进去，又见宝玉迎了出来。……
43,7,核心合计×5,427,说着，尤氏已梳洗了，命人伺候车辆。一时来至荣府，先来见凤姐。只见凤姐已将银子封好，正要送去。尤氏问：“都齐了？”凤姐儿笑道：“都有了，快拿了去罢，丢了我不管。”……
43,9,只见×2；核心合计×5,531,展眼已是九月初二日，园中人都打听得尤氏办得十分热闹，不但有戏，连耍百戏并说书的男女先儿全有，都打点取乐顽耍。李纨又向众姊妹道：“今儿是正经社日，可别忘了。宝玉也……
43,10,核心合计×4；单词≥3,300,原来宝玉心里有件私事，于头一日就吩咐茗烟：“明日一早要出门，备下两匹马在后门口等着，不要别一个跟着。说给李贵，我往北府里去了。倘或要有人找我，叫他拦住不用找，只……
44,1,核心合计×4；单词≥3,749,原来贾母说今日不比往日，定要叫凤姐痛乐一日。本来自己懒待坐席，只在里间屋里榻上歪着和薛姨妈看戏，随心爱吃的拣几样放在小几上，随意吃着说话儿；将自己两桌席面赏那没……
44,2,只见×2；核心合计×4,859,凤姐儿自觉酒沉了，心里突突的似往上撞，要往家去歇歇，只见那耍百戏的上来，便和尤氏说：“预备赏钱，我要洗洗脸去。”尤氏点头。凤姐儿瞅人不防，便出了席，往房门后檐下……
44,12,只见×2；核心合计×4,466,正说着，只见一个媳妇来回说：“鲍二媳妇吊死了。”贾琏凤姐儿都吃了一惊。凤姐忙收了怯色，反喝道：“死了罢了，有什么大惊小怪的！”一时，只见林之孝家的进来悄回凤姐道……
45,3,只见×2,709,说着才要回去，只见一个小丫头扶了赖嬷嬷进来。凤姐儿等忙站起来，笑道：“大娘坐。”又都向他道喜。赖嬷嬷向炕沿上坐了，笑道：“我也喜，主子们也喜。若不是主子们的恩典……
46,3,只见×2；核心合计×5,1007,邢夫人听了有理，便自往贾母处，和贾母说了一回闲话，便出来假托往王夫人房里去，从后门出去，打鸳鸯的卧房前过。只见鸳鸯正然坐在那里做针线，见了邢夫人，忙站起来。邢夫……
46,11,一时×2,293,邢夫人无计，吃了饭回家，晚间告诉了贾赦。贾赦想了一想，即刻叫贾琏来说：“南京的房子还有人看着，不止一家，即刻叫上金彩来。”贾琏回道：“上次南京信来，金彩已经得了……
47,4,单词≥3,298,平儿依言放下钱，也笑了一回，方回来。至院门前遇见贾琏，问他：“太太在那里呢？老爷叫我请过去呢。”平儿忙笑道：“在老太太跟前呢，站了这半日还没动呢。趁早儿丢开手罢……
47,5,核心合计×4,504,贾琏到了堂屋里，便把脚步放轻了，往里间探头，只见邢夫人站在那里。凤姐儿眼尖，先瞧见了，使眼色儿不命他进来，又使眼色与邢夫人。邢夫人不便就走，只得倒了一碗茶来，放……
47,14,核心合计×5,893,湘莲见前面人迹已稀，且有一带苇塘，便下马，将马拴在树上，向薛蟠笑道：“你下来，咱们先设个誓，日后要变了心，告诉人去的，便应了誓。”薛蟠笑道：“这话有理。”连忙下……
47,15,核心合计×4,423,谁知贾珍等席上忽然不见了他两个，各处寻找不见。有人说：“恍惚出北门去了。”薛蟠的小厮们素日是惧他的，他吩咐不许跟去，谁还敢找去？后来还是贾珍不放心，命贾蓉带着小……
47,16,一时×2,461,贾母等回来各自归家时，薛姨妈与宝钗见香菱哭得眼睛肿了。问其原故，忙赶来瞧薛蟠时，脸上身上虽有伤痕，并未伤筋动骨。薛姨妈又是心疼，又是发恨，骂一回薛蟠，又骂一回柳……
48,17,只见×3,123,只见香菱兴兴头头的又往黛玉那边去了。探春笑道：“咱们跟了去，看他有些意思没有。”说着，一齐都往潇湘馆来。只见黛玉正拿着诗和他讲究。众人因问黛玉作的如何。黛玉道：……
49,3,只见×2,245,正说之间，只见几个小丫头并老婆子忙忙的走来，都笑道：“来了好些姑娘奶奶们，我们都不认得，奶奶姑娘们快认亲去。”李纨笑道：“这是那里的话？你到底说明白了是谁的亲戚……
49,13,只见×2；核心合计×4,948,正说着，只见宝琴来了，披着一领斗篷，金翠辉煌，不知何物。宝钗忙问：“这是那里的？”宝琴笑道：“因下雪珠儿，老太太找了这一件给我的。”香菱上来瞧道：“怪道这么好看……
49,15,只见×4；核心合计×5,868,正说着，只见他屋里的小丫头子送了猩猩毡斗篷来，又说：“大奶奶才打发人来说，下了雪，要商议明日请人作诗呢。”一语未了，只见李纨的丫头走来请黛玉。宝玉便邀着黛玉同往……
49,16,只见×2,361,到了次日一早，宝玉因心里记挂着这事，一夜没好生得睡，天亮了就爬起来。掀开帐子一看，虽门窗尚掩，只见窗上光辉夺目，心内早踌躇起来，埋怨定是晴了，日光已出。一面忙起……
49,21,一时×2；只见×2；核心合计×5,569,凤姐打发了平儿来回复不能来，为发放年例正忙。湘云见了平儿，那里肯放。平儿也是个好顽的，素日跟着凤姐儿无所不至，见如此有趣，乐得顽笑，因而褪去手上的镯子，三个围着……
49,22,只见×2,309,说着，吃毕，洗漱了一回。平儿带镯子时却少了一个，左右前后乱找了一番，踪迹全无。众人都诧异。凤姐儿笑道：“我知道这镯子的去向。你们只管作诗去，我们也不用找，只管前……
50,22,核心合计×5；单词≥3,859,次日雪晴。饭后，贾母又亲嘱惜春：“不管冷暖，你只画去，赶到年下，十分不能便罢了。第一要紧把昨日琴儿和丫头梅花，照模照样，一笔别错，快快添上。”惜春听了虽是为难，……
51,7,一时×2,220,这里凤姐又将怡红院的嬷嬷唤了两个来，吩咐道：“袭人只怕不来家，你们素日知道那大丫头们，那两个知好歹，派出来在宝玉屋里上夜。你们也好生照管着，别由着宝玉胡闹。”两……
51,10,只见×2；核心合计×5,732,麝月便开了后门，揭起毡帘一看，果然好月色。晴雯等他出去，便欲唬他玩耍。仗着素日比别人气壮，不畏寒冷，也不披衣，只穿着小袄，便蹑手蹑脚的下了薰笼，随后出来。宝玉笑……
52,17,核心合计×4,824,宋嬷嬷听了，只得出去唤了他母亲来，打点了他的东西，又来见晴雯等，说道：“姑娘们怎么了，你侄女儿不好，你们教导他，怎么撵出去？也到底给我们留个脸儿。”晴雯道：“你……
52,18,一时×5；核心合计×13,1055,晴雯方才又闪了风，着了气，反觉更不好了，翻腾至掌灯，刚安静了些。只见宝玉回来，进门就嗐声跺脚。麝月忙问原故，宝玉道：“今儿老太太喜喜欢欢的给了这个褂子，谁知不防……
53,5,只见×2,279,二人正说着，只见人回：“哥儿来了。”贾珍便命叫他进来。只见贾蓉捧了一个小黄布口袋进来。贾珍道：“怎么去了这一日。”贾蓉陪笑回说：“今儿不在礼部关领，又分在光禄寺……
54,4,只见×2,819,宝玉便走过山石之后去站着撩衣，麝月秋纹皆站住背过脸去，口内笑说：“蹲下再解小衣，仔细风吹了肚子。”后面两个小丫头子知是小解，忙先出去茶房预备去了。这里宝玉刚转过……
54,6,一时×2；核心合计×5,1273,一时上汤后，又接献元宵来。贾母便命将戏暂歇歇：“小孩子们可怜见的，也给他们些滚汤滚菜的吃了再唱。”又命将各色果子元宵等物拿些与他们吃去。一时歇了戏，便有婆子带了……
54,13,说道×3；核心合计×5,1391,凤姐儿笑道：“好的，幸而我们都笨嘴笨腮的，不然也就吃了猴儿尿了。”尤氏娄氏都笑向李纨道：“咱们这里谁是吃过猴儿尿的，别装没事人儿。”薛姨妈笑道：“笑话儿不在好歹……
55,7,说道×4；核心合计×4,1197,忽见赵姨娘进来，李纨探春忙让坐。赵姨娘开口便说道：“这屋里的人都踩下我的头去还罢了。姑娘你也想一想，该替我出气才是。”一面说，一面眼泪鼻涕哭起来。探春忙道：“姨……
55,14,一时×2,327,接着宝钗的饭至，平儿忙进来伏侍。那时赵姨娘已去，三人在板床上吃饭。宝钗面南，探春面西，李纨面东。众媳妇皆在廊下静候，里头只有他们紧跟常侍的丫鬟伺候，别人一概不敢……
55,16,一时×2,1504,凤姐因问为何去了这一日，平儿便笑着将方才的原故细细说与他听了。凤姐儿笑道：“好，好，好，好个三姑娘！我说他不错。只可惜他命薄，没托生在太太肚里。”平儿笑道：“奶……
56,1,一时×2；核心合计×5,900,平儿进入厅中，他姊妹三人正议论些家务，说的便是年内赖大家请吃酒他家花园中事故。见他来了，探春便命他脚踏上坐了，因说道：“我想的事不为别的，因想着我们一月有二两月……
56,3,核心合计×4,1213,三人只是取笑之谈，说了笑了一回，便仍谈正事。探春因又接说道：“咱们这园子只算比他们的多一半，加一倍算，一年就有四百银子的利息。若此时也出脱生发银子，自然小器，不……
56,13,只见×4；核心合计×6,425,宝玉纳闷道：“从来没有人如此涂毒我，他们如何更这样？真亦有我这样一个人不成？”一面想，一面顺步早到了一所院内。宝玉又诧异道：“除了怡红院，也更还有这么一个院落。……
57,4,核心合计×4,962,紫鹃听说，忙放下针线，又嘱咐雪雁好生听叫：“若问我，答应我就来。”说着，便出了潇湘馆，一径来寻宝玉，走至宝玉跟前，含笑说道：“我不过说了那两句话，为的是大家好，……
57,8,单词≥3,374,谁知贾母王夫人等已都在那里了。贾母一见了紫鹃，眼内出火，骂道：“你这小蹄子，和他说了什么？”紫鹃忙道：“并没说什么，不过说几句顽话。”谁知宝玉见了紫鹃，方“嗳呀……
57,10,一时×3；核心合计×5,466,一时人回大夫来了，贾母忙命快进来。王夫人、薛姨妈、宝钗等暂避里间，贾母便端坐在宝玉身旁。王太医进来见许多的人，忙上去请了贾母的安，拿了宝玉的手诊了一回。那紫鹃少……
57,13,核心合计×5,1064,因此时湘云之症已愈，天天过来瞧看，见宝玉明白了，便将他病中狂态形容了与他瞧，引的宝玉自己伏枕而笑。原来他起先那样竟是不知的，如今听人说还不信。无人时紫鹃在侧，宝……
57,19,一时×2,1093,这日宝钗因来瞧黛玉，恰值岫烟也来瞧黛玉，二人在半路相遇。宝钗含笑唤他到跟前，二人同走至一块石壁后，宝钗笑问他：“这天还冷的很，你怎么倒全换了夹的？”岫烟见问，低……
58,8,说道×4；核心合计×6,918,正胡思间，忽见一股火光从山石那边发出，将雀儿惊飞。宝玉吃一大惊，又听那边有人喊道：“藕官，你要死，怎弄些纸钱进来烧？我回去回奶奶们去，仔细你的肉！”宝玉听了，益……
58,10,单词≥3,135,宝玉听了，心下纳闷，只得踱到潇湘馆，瞧黛玉益发瘦的可怜，问起来，比往日已算大愈了。黛玉见他也比先大瘦了，想起往日之事，不免流下泪来，些微谈了谈，便催宝玉去歇息调……
58,11,说道×3；核心合计×4,1226,一时芳官又跟了他干娘去洗头。他干娘偏又先叫了他亲女儿洗过了后，才叫芳官洗。芳官见了这般，便说他偏心，“把你女儿剩水给我洗。我一个月的月钱都是你拿着，沾我的光不算……
59,13,说道×3,623,却说春燕一直跑入院中，顶头遇见袭人往黛玉处去问安。春燕便一把抱住袭人，说：“姑娘救我！我娘又打我呢。”袭人见他娘来了，不免生气，便说道：“三日两头儿打了干的打亲……
60,6,核心合计×4,787,原来贾政不在家，且王夫人等又不在家，贾环连日也便装病逃学。如今得了硝，兴兴头头来找彩云。正值彩云和赵姨娘闲谈，贾环嘻嘻向彩云道：“我也得了一包好的，送你擦脸。你……
60,13,核心合计×4；单词≥3,199,这里探春气的和尤氏李纨说：“这么大年纪，行出来的事总不叫人敬伏。这是什么意思，值得吵一吵，并不留体统，耳朵又软，心里又没有计算。这又是那起没脸面的奴才们的调停，……
62,32,核心合计×4,306,宝玉正欲走时，只见袭人走来，手内捧着一个小连环洋漆茶盘，里面可式放着两钟新茶，因问：“他往那去了？我见你两个半日没吃茶，巴巴的倒了两钟来，他又走了。”宝玉道：“……
63,1,一时×2,821,已是掌灯时分，听得院门前有一群人进来。大家隔窗悄视，果见林之孝家的和几个管事的女人走来，前头一人提着大灯笼。晴雯悄笑道：“他们查上夜的人来了。这一出去，咱们好关……
63,26,只见×2,422,大家黑甜一觉，不知所之。及至天明，袭人睁眼一看，只见天色晶明，忙说：“可迟了。”向对面床上瞧了一瞧，只见芳官头枕着炕沿上，睡犹未醒，连忙起来叫他。宝玉已翻身醒了……
64,3,只见×3；说道×3；核心合计×7,632,一日，供毕早饭，因此时天气尚长，贾珍等连日劳倦，不免在灵旁假寐。宝玉见无客至，遂欲回家看视黛玉，因先回至怡红院中。进入门来，只见院中寂静无人，有几个老婆子与小丫……
64,8,只见×2,420,进了潇湘馆院门看时，只见炉袅残烟，奠余玉醴。紫鹃正看着人往里搬桌子，收陈设呢。宝玉便知已经祭完了，走入屋内，只见黛玉面向里歪着，病体恹恹，大有不胜之态。紫鹃连忙……
64,9,只见×3；核心合计×6,929,却说紫鹃端了茶来，打谅二人又为何事角口，因说道：“姑娘才身上好些，宝二爷又来怄气了，到底是怎么样？”宝玉一面拭泪笑道：“谁敢怄妹妹了。”一面搭讪着起来闲步。只见……
64,16,只见×2,251,仍欲往下说时，只见有人回道：“琏二爷回来了。适才外间传说，往东府里去了好一会了，想必就回来的。”宝玉听了，连忙起身，迎至大门以内等待。恰好贾琏自外下马进来。于是……
64,17,核心合计×4,643,一日，贾琏在门首站着，只见那边摇摇摆摆走来一个穿绸裹缎的后生，生得雄壮，抢上前来便是一揖，口里道：“老兄请受我一拜。”贾琏并不认识此人，纳闷笑道：“兄弟不必如此……
64,24,只见×3；核心合计×6,684,贾琏进入宁府，早有家人头儿率领家人等请安，一路围随至厅上。贾琏一一的问了些话，不过塞责而已，便命家人散去，独自往里面走来。原来贾琏贾珍素日亲密，又是弟兄，本无可……
66,2,核心合计×4,306,二人正说之间，只见尤三姐走来说道：“姐夫，你只放心。我们不是那心口两样人，说什么是什么。若有了姓柳的来，我便嫁他。从今日起，我吃斋念佛，只伏侍母亲，等他来了，嫁……
67,1,说道×3,962,且说薛姨妈闻知湘莲已说定了尤三姐为妻，心中甚喜，正是高高兴兴要打算替他买房子，治家伙，择吉迎娶，以报他救命之恩。忽有家中小厮吵嚷“三姐儿自尽了”，被小丫头们听见……
67,5,说道×3；核心合计×6,699,只见宝玉进房来了，黛玉让坐毕，宝玉见黛玉泪痕满面，便问：“妹妹，又是谁气着你了？”黛玉勉强笑道：“谁生什么气。”旁边紫鹃将嘴向床后桌上一努，宝玉会意，往那里一瞧……
67,10,核心合计×4,472,且说赵姨娘因见宝钗送了贾环些东西，心中甚是喜欢，想道：“怨不得别人都说那宝丫头好，会做人，很大方，如今看起来果然不错。他哥哥能带了多少东西来，他挨门儿送到，并不……
67,15,只见×2；核心合计×4,538,一到院里，只听凤姐说道：“天理良心，我在这屋里熬的越发成了贼了。”袭人听见这话，知道有原故了，又不好回来，又不好进去，遂把脚步放重些，隔着窗子问道：“平姐姐在家……
67,17,说道×5；核心合计×6,2020,却说兴儿正在帐房儿里和小厮们玩呢，听见说二奶奶叫，先唬了一跳，却也想不到是这件事发作了，连忙跟着旺儿进来。旺儿先进去，回说：“兴儿来了。”凤姐儿厉声道：“叫他！……
68,12,核心合计×5；单词≥3,1703,凤姐见他母子这般，也再难往前施展了，只得又转过了一副形容言谈来，与尤氏反陪礼说：“我是年轻不知事的人，一听见有人告诉了，把我吓昏了，不知方才怎样得罪了嫂子。可是……
69,8,一时×3；核心合计×7,1200,谁知王太医亦谋干了军前效力，回来好讨荫封的。小厮们走去，便请了个姓胡的太医，名叫君荣。进来诊脉看了，说是经水不调，全要大补。贾琏便说：“已是三月庚信不行，又常作……
70,29,一时×2；核心合计×5,766,一时丫鬟们又拿了许多各式各样的送饭的来，顽了一回。紫鹃笑道：“这一回的劲大，姑娘来放罢。”黛玉听说，用手帕垫着手，顿了一顿，果然风紧力大，接过籰子来，随着风筝的……
71,19,只见×2；核心合计×8,740,且说鸳鸯一径回来，刚至园门前，只见角门虚掩，犹未上闩。此时园内无人来往，只有该班的房内灯光掩映，微月半天。鸳鸯又不曾有个作伴的，也不曾提灯笼，独自一个，脚步又轻……
72,7,核心合计×5,1344,一语未了，只见旺儿媳妇走进来。凤姐便问：“可成了没有？”旺儿媳妇道：“竟不中用。我说须得奶奶作主就成了。”贾琏便问：“又是什么事？”凤姐儿见问，便说道：“不是什……
72,9,一时×5；核心合计×8,886,这里贾琏出来，刚至外书房，忽见林之孝走来。贾琏因问何事。林之孝说道：“方才听得雨村降了，却不知因何事，只怕未必真。”贾琏道：“真不真，他那官儿也未必保得长。将来……
73,2,一时×2,673,这里宝玉听了，便如孙大圣听见了紧箍咒一般，登时四肢五内一齐皆不自在起来。想来想去，别无他法，且理熟了书预备明儿盘考。口内不舛错，便有他事，也可搪塞一半。想罢，忙……
73,7,核心合计×4,768,一时贾母歇晌，大家散出，都知贾母今日生气，皆不敢各散回家，只得在此暂候。尤氏便往凤姐处来闲话了一回，因他也不自在，只得往园内寻众姑嫂闲谈。邢夫人在王夫人处坐了一……
73,10,核心合计×6,928,谁知迎春乳母子媳王住儿媳妇正因他婆婆得了罪，来求迎春去讨情，听他们正说金凤一事，且不进去。也因素日迎春懦弱，他们都不放在心上。如今见绣桔立意去回凤姐，估着这事脱……
74,4,只见×2；核心合计×5,590,一语未了，人报：“太太来了。”凤姐听了诧异，不知为何事亲来，与平儿等忙迎出来。只见王夫人气色更变，只带一个贴己的小丫头走来，一语不发，走至里间坐下。凤姐忙奉茶，……
74,11,核心合计×5,1559,又到探春院内，谁知早有人报与探春了。探春也就猜着必有原故，所以引出这等丑态来，遂命众丫鬟秉烛开门而待。众人来了。探春故问何事。凤姐笑道：“因丢了一件东西，连日访……
74,13,核心合计×4,947,迎春已经睡着了，丫鬟们也才要睡，众人叩门半日才开。凤姐吩咐：“不必惊动小一姐。”遂往丫鬟们房里来。因司棋是王善保的外孙女儿，凤姐倒要看看王家的可藏私不藏，遂留神……
75,5,一时×2,631,贾母因问：“有稀饭吃些罢了。”尤氏早捧过一碗来，说是红久字唷贾母接来吃了半碗，便吩咐：“将这粥送给凤哥儿吃去，”又指着“这一碗笋和这一盘风腌果子狸给颦儿宝玉两个……
75,8,一时×2,1302,贾珍之志不在此，再过一二日便渐次以歇臂养力为由，晚间或抹抹骨牌，赌个酒东而已，至后渐次至钱。如今三四月的光景，竟一日一日赌胜于射了，公然斗叶掷骰，放头开局，夜赌……
75,10,一时×2,445,次日起来，就有人回西瓜月饼都全了，只待分派送人。贾珍吩咐佩凤道：“你请你奶奶看着送罢，我还有别的事呢。”佩凤答应去了，回了尤氏，尤氏只得一一分派遣人送去。一时佩……
75,13,核心合计×7；单词≥3,1136,当下园之正门俱已大开，吊着羊角大灯。嘉荫堂前月台上，焚着斗香，秉着风烛，陈献着瓜饼及各色果品。邢夫人等一干女客皆在里面久候。真是月明灯彩，人气香烟，晶艳氤氲，不……
75,15,核心合计×4,266,这次在贾赦手内住了，只得吃了酒，说笑话。因说道：“一家子一个儿子最孝顺。偏生母亲病了，各处求医不得，便请了一个针灸的婆子来。婆子原不知道脉理，只说是心火，如今用……
76,2,只见×3；核心合计×7,1043,这里贾母仍带众人赏了一回桂花，又入席换暖酒来。正说着闲话，猛不防只听那壁厢桂花树下，呜呜咽咽，悠悠扬扬，吹出笛声来。趁着这明月清风，天空地净，真令人烦心顿解，万……
76,39,只见×2,567,三人遂一同来至写溻种小只见龛焰犹青，炉香未烬。几个老嬷嬷也都睡了，只有小丫鬟在蒲团上垂头打盹。妙玉唤他起来，现去烹茶。忽听叩门之声，小丫鬟忙去开门看时，却是紫鹃……
77,0,核心合计×4；单词≥3,530,话说王夫人见中秋已过，凤姐病已比先减了，虽未大愈，可以出入行走得了，仍命大夫每日诊脉服药，又开了丸药方子来配调经养荣丸。因用上等人参二两，王夫人取时，翻寻了半日……
77,1,一时×2；核心合计×5,596,一时，周瑞家的又拿了进来说：“这几包都各包好记上名字了。但这一包人参固然是上好的，如今就连三十换也不能得这样的了，但年代太陈了。这东西比别的不同，凭是怎样好的，……
77,2,一时×2,386,一时宝钗去后，因见无别人在室，遂唤周瑞家的来问前日园中搜检的事情可得个下落。周瑞家的是已和凤姐等人商议停妥，一字不隐，遂回明王夫人。王夫人听了，虽惊且怒，却又作……
77,8,一时×2；核心合计×5,832,如今且说宝玉只当王夫人不过来搜检搜检，无甚大事，谁知竟这样雷嗔电怒的来了。所责之事皆系平日之语，一字不爽，料必不能挽回的。虽心下恨不能一死，但王夫人盛怒之际，自……
77,9,一时×2,1192,袭人细揣此话，好似宝玉有疑他之意，竟不好再劝，因叹道：“天知道罢了。此时也查不出人来了，白哭一会子也无益。倒是养着精神，等老太太喜欢时，回明白了再要他是正理。”……
77,11,核心合计×5,1081,此时多浑虫外头去了，那灯姑娘吃了饭去串门子，只剩下晴雯一人，在外间房内爬着。宝玉命那婆子在院门外了哨，他独自掀起草帘进来，一眼就看见晴雯睡在芦席土炕上，幸而衾褥……
77,14,核心合计×4,382,宝玉发了一晚上呆。及催他睡下，袭人等也都睡后，听着宝玉在枕上长吁短叹，复去翻来，直至三更以后。方渐渐的安顿了，略有齁声。袭人方放心，也就朦胧睡着。没半盏茶时，只……
77,16,一时×3；核心合计×4,936,一时候他父子二人等去了，方欲过贾母这边来时，就有芳官等三个的干娘走来，回说：“芳官自前日蒙太太的恩典赏了出去，他就疯了似的，茶也不吃，饭也不用，勾引上藕官蕊官，……
78,3,只见×2,329,话说之间，只见宝玉等已回来，因说他父亲还未散，恐天黑了，所以先叫我们回来了。王夫人忙问：“今日可有丢了丑？”宝玉笑道：“不但不丢丑，倒拐了许多东西来。”接着，就……
78,5,一时×2,1070,他便带了两个小丫头到一石后，也不怎么样，只问他二人道：“自我去了，你袭人姐姐打发人瞧晴雯姐姐去了不曾？”这一个答道：“打发宋妈妈一瞧去了。”宝玉道：“回来说什么……
79,0,核心合计×6,1085,话说宝玉祭完了晴雯，只听花影中有人声，倒唬了一跳。走出来细看，不是别人，却是林黛玉，满面含笑，口内说道：“好新奇的祭文！可与曹娥碑并传的了。”宝玉听了，不觉红了……
79,4,核心合计×4,1182,宝玉方才吟罢，忽闻背后有人笑道：“你又发什么呆呢？”宝玉回头忙看是谁，原来是香菱。宝玉便转身笑问道：“我的姐姐，你这会子跑到这里来做什么？许多日子也不进来逛逛。……
80,9,核心合计×4,806,那时迎春已来家好半日，孙家的婆娘媳妇等人已待过晚饭，打发回家去了。迎春方哭哭啼啼的在王夫人房中诉委曲，说孙绍祖“一味好色，好赌酗酒，家中所有的媳妇丫头将及淫遍。……
81,109,一时×2,189,"司棋承辱含羞，勉强回到家来，他母亲又百般埋怨。忽一日，他表弟潘又安来了。司棋母恨得气不打一处来，骂他害了司棋，一把揪住要打。司棋急忙拦住，道：""我也恨他当初不管……"
83,14,核心合计×5,759,且说贾蓉、贾蔷等公府子弟，这日在野外或登高，或围猎，高乐了大半日，到黄昏才收弓而归。他们平日原是拿着习射养力的名色，藉机吃酒赌钱；趁着今日贾母高兴，便想效仿往日……
83,15,只见×3；核心合计×4,1229,看官听说，那块通灵宝玉，这一日忽起了一个念头。原来蠢物自到大荒山青埂峰下动了几心，因不耐那里的凄凉寂寞，欲到人世走一遭，享享那富贵荣华，只惭道行浅薄，虽有自在之……
83,17,一时×2,336,且说贾家无端失了通灵玉，宝玉登时神志不清，人事不省，急的众人又是哭喊，又是叫人，手足无措，闹的举家不宁。贾母近来体弱年高，闻报大惊，由鸳鸯扶着，颤巍巍赶过来看视……
83,25,只见×2,516,贾母又要见宝玉、黛玉两个，喘息了半晌，方道：“我最不放心的，就是你这两个小冤家。往后可不要再赌气吵嘴了，要和睦。宝玉不肯读书，也别逼的太紧了。”宝玉、黛玉两个早……
84,23,一时×2,273,"天明一大早，宝钗便往贾府来望黛玉。两人多月不见，一见面就你亲我热的。一时说起湘云，宝钗道：""怎么湘云也不来？他出阁一年有余了，咱们挑个日子去瞧瞧他，也是我们的情……"
84,38,一时×2,285,外面宝玉同卫若兰谈得正浓，家事叙完，又谈各人喜好。卫若兰一提起擐甲执兵、习武打拳，便眉飞色舞，听得宝玉索然无味，面上却不肯露出来，只管点头应和。卫若兰又问宝玉可……
85,23,一时×2,480,话说贾政叫宝玉来好生坐着，说有要紧话同他讲。贾政道：“你也不小了，该成家了。我已替你选好了人，正要派人去提。”宝玉心里咯噔一声，暗想：不妙，父亲竟提起这事来——……
86,32,只见×2,332,"正说着，只见邢夫人的丫头进来道：""大太太请三姑娘过去，我找了半天，原来都在这里。""探春闻言起身道：""各位先坐着，我去去就来。""众人见他去了，又坐下说话。探春来到……"
88,95,单词≥3,297,"凤姐伏在案上，放声大哭。店小二问了几句，见问不出所以，自出去了。凤姐独自在屋里呼天抢地，哭道：""老祖宗！二太太！我对不住你们！我原想着替家里攒下些体己，填补那无……"
92,10,核心合计×4,264,只见一个婆子进来回道：“回太太的话：王住儿家的同费婆子又在园子里骂开了，说是要主子开饭，叫了大晌午也端不来一口吃的；既端了来，不是烂菜叶子，就是不够吃，说要寻主……
92,23,只见×2,783,且说周瑞家的吃了中饭，仍赶到园门察看。只见守门的小厮分成两班，一班回去吃饭，一班仍守着，便过来道：“诸位辛苦了。”众小厮道：“不累不累。再累也不能放强盗进来，不……
92,34,只见×2,314,且说邢夫人、平儿、李纨、黛玉刚走到内仪门，忽见周姨娘哭着跑来，喊道：“老爷叫环儿刺死了！强盗们都追过来了，大家快逃命啊！”四人闻言，放声大哭。只见贾敕、贾效、贾……
94,15,只见×2；核心合计×4,665,且说赵姨娘、贾环正在园中搜掠，忽见二十个小厮护着嫣红跑入贾赦院内，忙命人追赶。嫣红急命关上院门，不想众贼转眼追至，把院子团团围住，暗暗叫苦。众小厮都持着刀棒，用……
94,88,核心合计×4,283,一时胡乱用了晚饭，黛玉看了几页书，便躺下了，紫鹃也依着枕头睡去。谁知黛玉翻来覆去，那里睡得着？只得拥被坐在炕上，望着窗屉发怔。半日，轻轻下得炕来，走到窗前开了窗……
95,16,只见×2,342,话说这日夕阳渐渐西沉，薄暮罩住了村驿，路上行人越发稀少。碧天云淡，浮出一弯新月，惊起枝上栖鸦。只是西边黑云一层层的堆将上来，远远闷过几声雷，眼见一场大雨就在头上……
97,4,只见×2,466,正在伤心，忽听门外脚步急促，只见林之孝家的进来回道：“宝二奶奶，不好了！门外聚集了百十来个家奴，都携了包裹趁夜要散去呢，我怎么也劝不住。”黛玉听了，急得说不出话……
97,13,只见×2；核心合计×4,1081,小红正同母亲在家里说着这几日的事，忽见家奴来请，说林姑娘要见他，便笑道：“我这就去，母亲在家里好生待着。”林之孝家的笑道：“我的儿，快去罢！林姑娘定是有事相商，……
97,14,一时×2,372,一时林之孝家的赶来，见女儿气绝惨死，瞪着两眼，扑上去放声大哭，嚷道：“我女儿犯了什么王法了，死得这样惨！你们去把林姑娘请来，我问问他去！”说着起身就跑。一时贾琮……
97,25,核心合计×4,582,黛玉见他出去了，又闭眼坐着，喘了一会子，命紫鹃开箱，从里头取出一块白绫绢子来，又要了笔墨，提笔在那绫上写道：“今势至于此，余已有死志，借绫罗托肺腑之言：余本粗鄙……
97,26,只见×2,253,且说黛玉趁着天近拂晓，一轮圆月西斜未落，把路径照得依稀可辨，便趁着月色在园中急走，东瞧瞧，西望望，只见到处尸骨横陈，尽是自家的人。落花盖在骨殖上，月色淡淡照着，……
101,16,一时×2,246,雨村捧着呈子，心内暗自盘算：先前冯渊一案，也皆是这薛蟠所为，当初自己就曾徇情枉法，胡乱了结了那桩官司，今日正好照着老例，敷衍了这段公案便了。只是抬眼见原告里头有……
101,21,只见×2,275,"正自出神，忽见窗子被人从外推开，一个人笑着叫道：""宝兄弟读了这半日了，该饿了。这是四碟果子、一小壶儿酒，我给宝兄弟送来，权当个消夜儿罢。""宝玉尚未答言，门已开了……"
101,35,只见×2,350,小鹊心中诧异，悄悄走过去看时，只见五六个公子模样的年轻人，站在月光底下淌眼抹泪的作别，看着甚是眼熟。定睛一想，认出来了——原来是贾府的几个落难子弟，路过此地，乃……
102,7,一时×2,88,那宝玉读不上几页，便觉烦腻。一日为着功课，同宝钗拌了几句嘴，赌誓再不肯读了。宝钗一时软语温存，一时正色相责，软硬兼施，只把他往书上引。宝玉不想同他闹，只得暂时依……
104,68,一时×3；核心合计×4,221,"谁知薛姨妈那碗汤虽已吐出大半，毒气究竟入了脏腑，伤了根本。自此病势一日沉似一日，汤水不进，躺着只是哼哼。一时清醒，便拉着宝钗的手絮絮叨叨：""我的儿……妈这病原是……"
105,22,一时×2,131,"自此两个是平安两天，吵闹一天，也不止一日一时了。袭人、麝月瞧不过，也时时过来劝解。袭人先斟一盏茶放在他手边，慢慢说道：""二爷想想，饭后便睡，害处不少。一则停食病……"
106,53,只见×2,280,次日，雨村约了贾蓉去拜访宝钗，只说谈门面的事。宝钗听莺儿来说有客到了，整一整鬓发，说了声“有请！”只见贾蓉同雨村说说笑笑走进来。宝钗心口“扑通”乱跳，红着脸起身……
108,13,一时×2；核心合计×4,527,却说李纨带着贾兰在山里苦度光阴，眼见儿子在仕途上浮浮沉沉，未免常年牵肠挂肚。忽有一日，一班官兵进山来报喜讯，说贾老爷又升官了，请大奶奶穿戴蟒袍，进宫谢恩。李纨素……
108,36,只见×2,114,"远远望见一座牌楼，好似旧游之地。只见远远飞来一位仙子，仙袂飘飞，华服艳姿，看时竟是尤三姐的模样，上前躬身道：""仙姑命我来引神瑛侍者入内，请随我来。""于是跟着前行……"
108,41,只见×2,147,"正嗟叹间，只见珠帘绣幕、画栋雕檐之后，转出百十人来，都纷纷笑道：""仙姑今日宣布情榜，不知咱们都封了什么名号？""宝玉举眼看时，见人丛里俱是自家亲族朋友，不觉怔住了……"
108,54,只见×2,215,"宝玉抽身走入一座宫门去寻黛玉。只见一个仙女守着白石花畔一株红叶青草，那草袅袅娜娜，妩媚之态，令人心动神怡。那仙女向他施礼道：""我是司掌绛珠仙草的。神瑛侍者莫非又……"
